0.000000000 1 0 0 0
0.006666667 1 0 0 0
0.013333333 1 0 0 0
0.020000000 1 0 0 0
0.026666667 1 0 0 0
0.033333333 1 0 0 0
0.040000000 1 0 0 0
0.046666667 1 0 0 0
0.053333333 1 0 0 0
0.060000000 1 0 0 0
0.066666667 1 0 0 0
0.073333333 1 0 0 0
0.080000000 1 0 0 0
0.086666667 1 0 0 0
0.093333333 1 0 0 0
0.100000000 1 0 0 0
0.106666667 1 0 0 0
0.113333333 1 0 0 0
0.120000000 1 0 0 0
0.126666667 1 0 0 0
0.133333333 1 0 0 0
0.140000000 1 0 0 0
0.146666667 1 0 0 0
0.153333333 1 0 0 0
0.160000000 1 0 0 0
0.166666667 1 0 0 0
0.173333333 1 0 0 0
0.180000000 1 0 0 0
0.186666667 1 0 0 0
0.193333333 1 0 0 0
0.200000000 1 0 0 0
0.206666667 1 0 0 0
0.213333333 1 0 0 0
0.220000000 1 0 0 0
0.226666667 1 0 0 0
0.233333333 1 0 0 0
0.240000000 1 0 0 0
0.246666667 1 0 0 0
0.253333333 1 0 0 0
0.260000000 1 0 0 0
0.266666667 1 0 0 0
0.273333333 1 0 0 0
0.280000000 1 0 0 0
0.286666667 1 0 0 0
0.293333333 1 0 0 0
0.300000000 1 0 0 0
0.306666667 1 0 0 0
0.313333333 1 0 0 0
0.320000000 1 0 0 0
0.326666667 1 0 0 0
0.333333333 1 0 0 0
0.340000000 1 0 0 0
0.346666667 1 0 0 0
0.353333333 1 0 0 0
0.360000000 1 0 0 0
0.366666667 1 0 0 0
0.373333333 1 0 0 0
0.380000000 1 0 0 0
0.386666667 1 0 0 0
0.393333333 1 0 0 0
0.400000000 1 0 0 0
0.406666667 1 0 0 0
0.413333333 1 0 0 0
0.420000000 1 0 0 0
0.426666667 1 0 0 0
0.433333333 1 0 0 0
0.440000000 1 0 0 0
0.446666667 1 0 0 0
0.453333333 1 0 0 0
0.460000000 1 0 0 0
0.466666667 1 0 0 0
0.473333333 1 0 0 0
0.480000000 1 0 0 0
0.486666667 1 0 0 0
0.493333333 1 0 0 0
0.500000000 1 0 0 0
0.506666667 1 0 0 0
0.513333333 1 0 0 0
0.520000000 1 0 0 0
0.526666667 1 0 0 0
0.533333333 1 0 0 0
0.540000000 1 0 0 0
0.546666667 1 0 0 0
0.553333333 1 0 0 0
0.560000000 1 0 0 0
0.566666667 1 0 0 0
0.573333333 1 0 0 0
0.580000000 1 0 0 0
0.586666667 1 0 0 0
0.593333333 1 0 0 0
0.600000000 1 0 0 0
0.606666667 1 0 0 0
0.613333333 1 0 0 0
0.620000000 1 0 0 0
0.626666667 1 0 0 0
0.633333333 1 0 0 0
0.640000000 1 0 0 0
0.646666667 1 0 0 0
0.653333333 1 0 0 0
0.660000000 1 0 0 0
0.666666667 1 0 0 0
0.673333333 1 0 0 0
0.680000000 1 0 0 0
0.686666667 1 0 0 0
0.693333333 1 0 0 0
0.700000000 1 0 0 0
0.706666667 1 0 0 0
0.713333333 1 0 0 0
0.720000000 1 0 0 0
0.726666667 1 0 0 0
0.733333333 1 0 0 0
0.740000000 1 0 0 0
0.746666667 1 0 0 0
0.753333333 1 0 0 0
0.760000000 1 0 0 0
0.766666667 1 0 0 0
0.773333333 1 0 0 0
0.780000000 1 0 0 0
0.786666667 1 0 0 0
0.793333333 1 0 0 0
0.800000000 1 0 0 0
0.806666667 1 0 0 0
0.813333333 1 0 0 0
0.820000000 1 0 0 0
0.826666667 1 0 0 0
0.833333333 1 0 0 0
0.840000000 1 0 0 0
0.846666667 1 0 0 0
0.853333333 1 0 0 0
0.860000000 1 0 0 0
0.866666667 1 0 0 0
0.873333333 1 0 0 0
0.880000000 1 0 0 0
0.886666667 1 0 0 0
0.893333333 1 0 0 0
0.900000000 1 0 0 0
0.906666667 1 0 0 0
0.913333333 1 0 0 0
0.920000000 1 0 0 0
0.926666667 1 0 0 0
0.933333333 1 0 0 0
0.940000000 1 0 0 0
0.946666667 1 0 0 0
0.953333333 1 0 0 0
0.960000000 1 0 0 0
0.966666667 1 0 0 0
0.973333333 1 0 0 0
0.980000000 1 0 0 0
0.986666667 1 0 0 0
0.993333333 1 0 0 0
1.000000000 1 0 0 0
1.006666667 1 0 0 0
1.013333333 1 0 0 0
1.020000000 1 0 0 0
1.026666667 1 0 0 0
1.033333333 1 0 0 0
1.040000000 1 0 0 0
1.046666667 1 0 0 0
1.053333333 1 0 0 0
1.060000000 1 0 0 0
1.066666667 1 0 0 0
1.073333333 1 0 0 0
1.080000000 1 0 0 0
1.086666667 1 0 0 0
1.093333333 1 0 0 0
1.100000000 1 0 0 0
1.106666667 1 0 0 0
1.113333333 1 0 0 0
1.120000000 1 0 0 0
1.126666667 1 0 0 0
1.133333333 1 0 0 0
1.140000000 1 0 0 0
1.146666667 1 0 0 0
1.153333333 1 0 0 0
1.160000000 1 0 0 0
1.166666667 1 0 0 0
1.173333333 1 0 0 0
1.180000000 1 0 0 0
1.186666667 1 0 0 0
1.193333333 1 0 0 0
1.200000000 1 0 0 0
1.206666667 1 0 0 0
1.213333333 1 0 0 0
1.220000000 1 0 0 0
1.226666667 1 0 0 0
1.233333333 1 0 0 0
1.240000000 1 0 0 0
1.246666667 1 0 0 0
1.253333333 1 0 0 0
1.260000000 1 0 0 0
1.266666667 1 0 0 0
1.273333333 1 0 0 0
1.280000000 1 0 0 0
1.286666667 1 0 0 0
1.293333333 1 0 0 0
1.300000000 1 0 0 0
1.306666667 1 0 0 0
1.313333333 1 0 0 0
1.320000000 1 0 0 0
1.326666667 1 0 0 0
1.333333333 1 0 0 0
1.340000000 1 0 0 0
1.346666667 1 0 0 0
1.353333333 1 0 0 0
1.360000000 1 0 0 0
1.366666667 1 0 0 0
1.373333333 1 0 0 0
1.380000000 1 0 0 0
1.386666667 1 0 0 0
1.393333333 1 0 0 0
1.400000000 1 0 0 0
1.406666667 1 0 0 0
1.413333333 1 0 0 0
1.420000000 1 0 0 0
1.426666667 1 0 0 0
1.433333333 1 0 0 0
1.440000000 1 0 0 0
1.446666667 1 0 0 0
1.453333333 1 0 0 0
1.460000000 1 0 0 0
1.466666667 1 0 0 0
1.473333333 1 0 0 0
1.480000000 1 0 0 0
1.486666667 1 0 0 0
1.493333333 1 0 0 0
1.500000000 1 0 0 0
1.506666667 1 0 0 0
1.513333333 1 0 0 0
1.520000000 1 0 0 0
1.526666667 1 0 0 0
1.533333333 1 0 0 0
1.540000000 1 0 0 0
1.546666667 1 0 0 0
1.553333333 1 0 0 0
1.560000000 1 0 0 0
1.566666667 1 0 0 0
1.573333333 1 0 0 0
1.580000000 1 0 0 0
1.586666667 1 0 0 0
1.593333333 1 0 0 0
1.600000000 1 0 0 0
1.606666667 1 0 0 0
1.613333333 1 0 0 0
1.620000000 1 0 0 0
1.626666667 1 0 0 0
1.633333333 1 0 0 0
1.640000000 1 0 0 0
1.646666667 1 0 0 0
1.653333333 1 0 0 0
1.660000000 1 0 0 0
1.666666667 1 0 0 0
1.673333333 1 0 0 0
1.680000000 1 0 0 0
1.686666667 1 0 0 0
1.693333333 1 0 0 0
1.700000000 1 0 0 0
1.706666667 1 0 0 0
1.713333333 1 0 0 0
1.720000000 1 0 0 0
1.726666667 1 0 0 0
1.733333333 1 0 0 0
1.740000000 1 0 0 0
1.746666667 1 0 0 0
1.753333333 1 0 0 0
1.760000000 1 0 0 0
1.766666667 1 0 0 0
1.773333333 1 0 0 0
1.780000000 1 0 0 0
1.786666667 1 0 0 0
1.793333333 1 0 0 0
1.800000000 1 0 0 0
1.806666667 1 0 0 0
1.813333333 1 0 0 0
1.820000000 1 0 0 0
1.826666667 1 0 0 0
1.833333333 1 0 0 0
1.840000000 1 0 0 0
1.846666667 1 0 0 0
1.853333333 1 0 0 0
1.860000000 1 0 0 0
1.866666667 1 0 0 0
1.873333333 1 0 0 0
1.880000000 1 0 0 0
1.886666667 1 0 0 0
1.893333333 1 0 0 0
1.900000000 1 0 0 0
1.906666667 1 0 0 0
1.913333333 1 0 0 0
1.920000000 1 0 0 0
1.926666667 1 0 0 0
1.933333333 1 0 0 0
1.940000000 1 0 0 0
1.946666667 1 0 0 0
1.953333333 1 0 0 0
1.960000000 1 0 0 0
1.966666667 1 0 0 0
1.973333333 1 0 0 0
1.980000000 1 0 0 0
1.986666667 1 0 0 0
1.993333333 1 0 0 0
2.000000000 1 0 0 0
2.006666667 1 0 0 0
2.013333333 1 0 0 0
2.020000000 1 0 0 0
2.026666667 1 0 0 0
2.033333333 1 0 0 0
2.040000000 1 0 0 0
2.046666667 1 0 0 0
2.053333333 1 0 0 0
2.060000000 1 0 0 0
2.066666667 1 0 0 0
2.073333333 1 0 0 0
2.080000000 1 0 0 0
2.086666667 1 0 0 0
2.093333333 1 0 0 0
2.100000000 1 0 0 0
2.106666667 1 0 0 0
2.113333333 1 0 0 0
2.120000000 1 0 0 0
2.126666667 1 0 0 0
2.133333333 1 0 0 0
2.140000000 1 0 0 0
2.146666667 1 0 0 0
2.153333333 1 0 0 0
2.160000000 1 0 0 0
2.166666667 1 0 0 0
2.173333333 1 0 0 0
2.180000000 1 0 0 0
2.186666667 1 0 0 0
2.193333333 1 0 0 0
2.200000000 1 0 0 0
2.206666667 1 0 0 0
2.213333333 1 0 0 0
2.220000000 1 0 0 0
2.226666667 1 0 0 0
2.233333333 1 0 0 0
2.240000000 1 0 0 0
2.246666667 1 0 0 0
2.253333333 1 0 0 0
2.260000000 1 0 0 0
2.266666667 1 0 0 0
2.273333333 1 0 0 0
2.280000000 1 0 0 0
2.286666667 1 0 0 0
2.293333333 1 0 0 0
2.300000000 1 0 0 0
2.306666667 1 0 0 0
2.313333333 1 0 0 0
2.320000000 1 0 0 0
2.326666667 1 0 0 0
2.333333333 1 0 0 0
2.340000000 1 0 0 0
2.346666667 1 0 0 0
2.353333333 1 0 0 0
2.360000000 1 0 0 0
2.366666667 1 0 0 0
2.373333333 1 0 0 0
2.380000000 1 0 0 0
2.386666667 1 0 0 0
2.393333333 1 0 0 0
2.400000000 1 0 0 0
2.406666667 1 0 0 0
2.413333333 1 0 0 0
2.420000000 1 0 0 0
2.426666667 1 0 0 0
2.433333333 1 0 0 0
2.440000000 1 0 0 0
2.446666667 1 0 0 0
2.453333333 1 0 0 0
2.460000000 1 0 0 0
2.466666667 1 0 0 0
2.473333333 1 0 0 0
2.480000000 1 0 0 0
2.486666667 1 0 0 0
2.493333333 1 0 0 0
2.500000000 1 0 0 0
2.506666667 1 0 0 0
2.513333333 1 0 0 0
2.520000000 1 0 0 0
2.526666667 1 0 0 0
2.533333333 1 0 0 0
2.540000000 1 0 0 0
2.546666667 1 0 0 0
2.553333333 1 0 0 0
2.560000000 1 0 0 0
2.566666667 1 0 0 0
2.573333333 1 0 0 0
2.580000000 1 0 0 0
2.586666667 1 0 0 0
2.593333333 1 0 0 0
2.600000000 1 0 0 0
2.606666667 1 0 0 0
2.613333333 1 0 0 0
2.620000000 1 0 0 0
2.626666667 1 0 0 0
2.633333333 1 0 0 0
2.640000000 1 0 0 0
2.646666667 1 0 0 0
2.653333333 1 0 0 0
2.660000000 1 0 0 0
2.666666667 1 0 0 0
2.673333333 1 0 0 0
2.680000000 1 0 0 0
2.686666667 1 0 0 0
2.693333333 1 0 0 0
2.700000000 1 0 0 0
2.706666667 1 0 0 0
2.713333333 1 0 0 0
2.720000000 1 0 0 0
2.726666667 1 0 0 0
2.733333333 1 0 0 0
2.740000000 1 0 0 0
2.746666667 1 0 0 0
2.753333333 1 0 0 0
2.760000000 1 0 0 0
2.766666667 1 0 0 0
2.773333333 1 0 0 0
2.780000000 1 0 0 0
2.786666667 1 0 0 0
2.793333333 1 0 0 0
2.800000000 1 0 0 0
2.806666667 1 0 0 0
2.813333333 1 0 0 0
2.820000000 1 0 0 0
2.826666667 1 0 0 0
2.833333333 1 0 0 0
2.840000000 1 0 0 0
2.846666667 1 0 0 0
2.853333333 1 0 0 0
2.860000000 1 0 0 0
2.866666667 1 0 0 0
2.873333333 1 0 0 0
2.880000000 1 0 0 0
2.886666667 1 0 0 0
2.893333333 1 0 0 0
2.900000000 1 0 0 0
2.906666667 1 0 0 0
2.913333333 1 0 0 0
2.920000000 1 0 0 0
2.926666667 1 0 0 0
2.933333333 1 0 0 0
2.940000000 1 0 0 0
2.946666667 1 0 0 0
2.953333333 1 0 0 0
2.960000000 1 0 0 0
2.966666667 1 0 0 0
2.973333333 1 0 0 0
2.980000000 1 0 0 0
2.986666667 1 0 0 0
2.993333333 1 0 0 0
3.000000000 1 0 0 0
3.006666667 1 0 0 0
3.013333333 1 0 0 0
3.020000000 1 0 0 0
3.026666667 1 0 0 0
3.033333333 1 0 0 0
3.040000000 1 0 0 0
3.046666667 1 0 0 0
3.053333333 1 0 0 0
3.060000000 1 0 0 0
3.066666667 1 0 0 0
3.073333333 1 0 0 0
3.080000000 1 0 0 0
3.086666667 1 0 0 0
3.093333333 1 0 0 0
3.100000000 1 0 0 0
3.106666667 1 0 0 0
3.113333333 1 0 0 0
3.120000000 1 0 0 0
3.126666667 1 0 0 0
3.133333333 1 0 0 0
3.140000000 1 0 0 0
3.146666667 1 0 0 0
3.153333333 1 0 0 0
3.160000000 1 0 0 0
3.166666667 1 0 0 0
3.173333333 1 0 0 0
3.180000000 1 0 0 0
3.186666667 1 0 0 0
3.193333333 1 0 0 0
3.200000000 1 0 0 0
3.206666667 1 0 0 0
3.213333333 1 0 0 0
3.220000000 1 0 0 0
3.226666667 1 0 0 0
3.233333333 1 0 0 0
3.240000000 1 0 0 0
3.246666667 1 0 0 0
3.253333333 1 0 0 0
3.260000000 1 0 0 0
3.266666667 1 0 0 0
3.273333333 1 0 0 0
3.280000000 1 0 0 0
3.286666667 1 0 0 0
3.293333333 1 0 0 0
3.300000000 1 0 0 0
3.306666667 1 0 0 0
3.313333333 1 0 0 0
3.320000000 1 0 0 0
3.326666667 1 0 0 0
3.333333333 1 0 0 0
3.340000000 1 0 0 0
3.346666667 1 0 0 0
3.353333333 1 0 0 0
3.360000000 1 0 0 0
3.366666667 1 0 0 0
3.373333333 1 0 0 0
3.380000000 1 0 0 0
3.386666667 1 0 0 0
3.393333333 1 0 0 0
3.400000000 1 0 0 0
3.406666667 1 0 0 0
3.413333333 1 0 0 0
3.420000000 1 0 0 0
3.426666667 1 0 0 0
3.433333333 1 0 0 0
3.440000000 1 0 0 0
3.446666667 1 0 0 0
3.453333333 1 0 0 0
3.460000000 1 0 0 0
3.466666667 1 0 0 0
3.473333333 1 0 0 0
3.480000000 1 0 0 0
3.486666667 1 0 0 0
3.493333333 1 0 0 0
3.500000000 1 0 0 0
3.506666667 1 0 0 0
3.513333333 1 0 0 0
3.520000000 1 0 0 0
3.526666667 1 0 0 0
3.533333333 1 0 0 0
3.540000000 1 0 0 0
3.546666667 1 0 0 0
3.553333333 1 0 0 0
3.560000000 1 0 0 0
3.566666667 1 0 0 0
3.573333333 1 0 0 0
3.580000000 1 0 0 0
3.586666667 1 0 0 0
3.593333333 1 0 0 0
3.600000000 1 0 0 0
3.606666667 1 0 0 0
3.613333333 1 0 0 0
3.620000000 1 0 0 0
3.626666667 1 0 0 0
3.633333333 1 0 0 0
3.640000000 1 0 0 0
3.646666667 1 0 0 0
3.653333333 1 0 0 0
3.660000000 1 0 0 0
3.666666667 1 0 0 0
3.673333333 1 0 0 0
3.680000000 1 0 0 0
3.686666667 1 0 0 0
3.693333333 1 0 0 0
3.700000000 1 0 0 0
3.706666667 1 0 0 0
3.713333333 1 0 0 0
3.720000000 1 0 0 0
3.726666667 1 0 0 0
3.733333333 1 0 0 0
3.740000000 1 0 0 0
3.746666667 1 0 0 0
3.753333333 1 0 0 0
3.760000000 1 0 0 0
3.766666667 1 0 0 0
3.773333333 1 0 0 0
3.780000000 1 0 0 0
3.786666667 1 0 0 0
3.793333333 1 0 0 0
3.800000000 1 0 0 0
3.806666667 1 0 0 0
3.813333333 1 0 0 0
3.820000000 1 0 0 0
3.826666667 1 0 0 0
3.833333333 1 0 0 0
3.840000000 1 0 0 0
3.846666667 1 0 0 0
3.853333333 1 0 0 0
3.860000000 1 0 0 0
3.866666667 1 0 0 0
3.873333333 1 0 0 0
3.880000000 1 0 0 0
3.886666667 1 0 0 0
3.893333333 1 0 0 0
3.900000000 1 0 0 0
3.906666667 1 0 0 0
3.913333333 1 0 0 0
3.920000000 1 0 0 0
3.926666667 1 0 0 0
3.933333333 1 0 0 0
3.940000000 1 0 0 0
3.946666667 1 0 0 0
3.953333333 1 0 0 0
3.960000000 1 0 0 0
3.966666667 1 0 0 0
3.973333333 1 0 0 0
3.980000000 1 0 0 0
3.986666667 1 0 0 0
3.993333333 1 0 0 0
4.000000000 1 0 0 0
4.006666667 1 0 0 0
4.013333333 1 0 0 0
4.020000000 1 0 0 0
4.026666667 1 0 0 0
4.033333333 1 0 0 0
4.040000000 1 0 0 0
4.046666667 1 0 0 0
4.053333333 1 0 0 0
4.060000000 1 0 0 0
4.066666667 1 0 0 0
4.073333333 1 0 0 0
4.080000000 1 0 0 0
4.086666667 1 0 0 0
4.093333333 1 0 0 0
4.100000000 1 0 0 0
4.106666667 1 0 0 0
4.113333333 1 0 0 0
4.120000000 1 0 0 0
4.126666667 1 0 0 0
4.133333333 1 0 0 0
4.140000000 1 0 0 0
4.146666667 1 0 0 0
4.153333333 1 0 0 0
4.160000000 1 0 0 0
4.166666667 1 0 0 0
4.173333333 1 0 0 0
4.180000000 1 0 0 0
4.186666667 1 0 0 0
4.193333333 1 0 0 0
4.200000000 1 0 0 0
4.206666667 1 0 0 0
4.213333333 1 0 0 0
4.220000000 1 0 0 0
4.226666667 1 0 0 0
4.233333333 1 0 0 0
4.240000000 1 0 0 0
4.246666667 1 0 0 0
4.253333333 1 0 0 0
4.260000000 1 0 0 0
4.266666667 1 0 0 0
4.273333333 1 0 0 0
4.280000000 1 0 0 0
4.286666667 1 0 0 0
4.293333333 1 0 0 0
4.300000000 1 0 0 0
4.306666667 1 0 0 0
4.313333333 1 0 0 0
4.320000000 1 0 0 0
4.326666667 1 0 0 0
4.333333333 1 0 0 0
4.340000000 1 0 0 0
4.346666667 1 0 0 0
4.353333333 1 0 0 0
4.360000000 1 0 0 0
4.366666667 1 0 0 0
4.373333333 1 0 0 0
4.380000000 1 0 0 0
4.386666667 1 0 0 0
4.393333333 1 0 0 0
4.400000000 1 0 0 0
4.406666667 1 0 0 0
4.413333333 1 0 0 0
4.420000000 1 0 0 0
4.426666667 1 0 0 0
4.433333333 1 0 0 0
4.440000000 1 0 0 0
4.446666667 1 0 0 0
4.453333333 1 0 0 0
4.460000000 1 0 0 0
4.466666667 1 0 0 0
4.473333333 1 0 0 0
4.480000000 1 0 0 0
4.486666667 1 0 0 0
4.493333333 1 0 0 0
4.500000000 1 0 0 0
4.506666667 1 0 0 0
4.513333333 1 0 0 0
4.520000000 1 0 0 0
4.526666667 1 0 0 0
4.533333333 1 0 0 0
4.540000000 1 0 0 0
4.546666667 1 0 0 0
4.553333333 1 0 0 0
4.560000000 1 0 0 0
4.566666667 1 0 0 0
4.573333333 1 0 0 0
4.580000000 1 0 0 0
4.586666667 1 0 0 0
4.593333333 1 0 0 0
4.600000000 1 0 0 0
4.606666667 1 0 0 0
4.613333333 1 0 0 0
4.620000000 1 0 0 0
4.626666667 1 0 0 0
4.633333333 1 0 0 0
4.640000000 1 0 0 0
4.646666667 1 0 0 0
4.653333333 1 0 0 0
4.660000000 1 0 0 0
4.666666667 1 0 0 0
4.673333333 1 0 0 0
4.680000000 1 0 0 0
4.686666667 1 0 0 0
4.693333333 1 0 0 0
4.700000000 1 0 0 0
4.706666667 1 0 0 0
4.713333333 1 0 0 0
4.720000000 1 0 0 0
4.726666667 1 0 0 0
4.733333333 1 0 0 0
4.740000000 1 0 0 0
4.746666667 1 0 0 0
4.753333333 1 0 0 0
4.760000000 1 0 0 0
4.766666667 1 0 0 0
4.773333333 1 0 0 0
4.780000000 1 0 0 0
4.786666667 1 0 0 0
4.793333333 1 0 0 0
4.800000000 1 0 0 0
4.806666667 1 0 0 0
4.813333333 1 0 0 0
4.820000000 1 0 0 0
4.826666667 1 0 0 0
4.833333333 1 0 0 0
4.840000000 1 0 0 0
4.846666667 1 0 0 0
4.853333333 1 0 0 0
4.860000000 1 0 0 0
4.866666667 1 0 0 0
4.873333333 1 0 0 0
4.880000000 1 0 0 0
4.886666667 1 0 0 0
4.893333333 1 0 0 0
4.900000000 1 0 0 0
4.906666667 1 0 0 0
4.913333333 1 0 0 0
4.920000000 1 0 0 0
4.926666667 1 0 0 0
4.933333333 1 0 0 0
4.940000000 1 0 0 0
4.946666667 1 0 0 0
4.953333333 1 0 0 0
4.960000000 1 0 0 0
4.966666667 1 0 0 0
4.973333333 1 0 0 0
4.980000000 1 0 0 0
4.986666667 1 0 0 0
4.993333333 1 0 0 0
5.000000000 1 0 0 0
5.006666667 1 0 0 0
5.013333333 1 0 0 0
5.020000000 1 0 0 0
5.026666667 1 0 0 0
5.033333333 1 0 0 0
5.040000000 1 0 0 0
5.046666667 1 0 0 0
5.053333333 1 0 0 0
5.060000000 1 0 0 0
5.066666667 1 0 0 0
5.073333333 1 0 0 0
5.080000000 1 0 0 0
5.086666667 1 0 0 0
5.093333333 1 0 0 0
5.100000000 1 0 0 0
5.106666667 1 0 0 0
5.113333333 1 0 0 0
5.120000000 1 0 0 0
5.126666667 1 0 0 0
5.133333333 1 0 0 0
5.140000000 1 0 0 0
5.146666667 1 0 0 0
5.153333333 1 0 0 0
5.160000000 1 0 0 0
5.166666667 1 0 0 0
5.173333333 1 0 0 0
5.180000000 1 0 0 0
5.186666667 1 0 0 0
5.193333333 1 0 0 0
5.200000000 1 0 0 0
5.206666667 1 0 0 0
5.213333333 1 0 0 0
5.220000000 1 0 0 0
5.226666667 1 0 0 0
5.233333333 1 0 0 0
5.240000000 1 0 0 0
5.246666667 1 0 0 0
5.253333333 1 0 0 0
5.260000000 1 0 0 0
5.266666667 1 0 0 0
5.273333333 1 0 0 0
5.280000000 1 0 0 0
5.286666667 1 0 0 0
5.293333333 1 0 0 0
5.300000000 1 0 0 0
5.306666667 1 0 0 0
5.313333333 1 0 0 0
5.320000000 1 0 0 0
5.326666667 1 0 0 0
5.333333333 1 0 0 0
5.340000000 1 0 0 0
5.346666667 1 0 0 0
5.353333333 1 0 0 0
5.360000000 1 0 0 0
5.366666667 1 0 0 0
5.373333333 1 0 0 0
5.380000000 1 0 0 0
5.386666667 1 0 0 0
5.393333333 1 0 0 0
5.400000000 1 0 0 0
5.406666667 1 0 0 0
5.413333333 1 0 0 0
5.420000000 1 0 0 0
5.426666667 1 0 0 0
5.433333333 1 0 0 0
5.440000000 1 0 0 0
5.446666667 1 0 0 0
5.453333333 1 0 0 0
5.460000000 1 0 0 0
5.466666667 1 0 0 0
5.473333333 1 0 0 0
5.480000000 1 0 0 0
5.486666667 1 0 0 0
5.493333333 1 0 0 0
5.500000000 1 0 0 0
5.506666667 1 0 0 0
5.513333333 1 0 0 0
5.520000000 1 0 0 0
5.526666667 1 0 0 0
5.533333333 1 0 0 0
5.540000000 1 0 0 0
5.546666667 1 0 0 0
5.553333333 1 0 0 0
5.560000000 1 0 0 0
5.566666667 1 0 0 0
5.573333333 1 0 0 0
5.580000000 1 0 0 0
5.586666667 1 0 0 0
5.593333333 1 0 0 0
5.600000000 1 0 0 0
5.606666667 1 0 0 0
5.613333333 1 0 0 0
5.620000000 1 0 0 0
5.626666667 1 0 0 0
5.633333333 1 0 0 0
5.640000000 1 0 0 0
5.646666667 1 0 0 0
5.653333333 1 0 0 0
5.660000000 1 0 0 0
5.666666667 1 0 0 0
5.673333333 1 0 0 0
5.680000000 1 0 0 0
5.686666667 1 0 0 0
5.693333333 1 0 0 0
5.700000000 1 0 0 0
5.706666667 1 0 0 0
5.713333333 1 0 0 0
5.720000000 1 0 0 0
5.726666667 1 0 0 0
5.733333333 1 0 0 0
5.740000000 1 0 0 0
5.746666667 1 0 0 0
5.753333333 1 0 0 0
5.760000000 1 0 0 0
5.766666667 1 0 0 0
5.773333333 1 0 0 0
5.780000000 1 0 0 0
5.786666667 1 0 0 0
5.793333333 1 0 0 0
5.800000000 1 0 0 0
5.806666667 1 0 0 0
5.813333333 1 0 0 0
5.820000000 1 0 0 0
5.826666667 1 0 0 0
5.833333333 1 0 0 0
5.840000000 1 0 0 0
5.846666667 1 0 0 0
5.853333333 1 0 0 0
5.860000000 1 0 0 0
5.866666667 1 0 0 0
5.873333333 1 0 0 0
5.880000000 1 0 0 0
5.886666667 1 0 0 0
5.893333333 1 0 0 0
5.900000000 1 0 0 0
5.906666667 1 0 0 0
5.913333333 1 0 0 0
5.920000000 1 0 0 0
5.926666667 1 0 0 0
5.933333333 1 0 0 0
5.940000000 1 0 0 0
5.946666667 1 0 0 0
5.953333333 1 0 0 0
5.960000000 1 0 0 0
5.966666667 1 0 0 0
5.973333333 1 0 0 0
5.980000000 1 0 0 0
5.986666667 1 0 0 0
5.993333333 1 0 0 0
6.000000000 1 0 0 0
6.006666667 1 0 0 0
6.013333333 1 0 0 0
6.020000000 1 0 0 0
6.026666667 1 0 0 0
6.033333333 1 0 0 0
6.040000000 1 0 0 0
6.046666667 1 0 0 0
6.053333333 1 0 0 0
6.060000000 1 0 0 0
6.066666667 1 0 0 0
6.073333333 1 0 0 0
6.080000000 1 0 0 0
6.086666667 1 0 0 0
6.093333333 1 0 0 0
6.100000000 1 0 0 0
6.106666667 1 0 0 0
6.113333333 1 0 0 0
6.120000000 1 0 0 0
6.126666667 1 0 0 0
6.133333333 1 0 0 0
6.140000000 1 0 0 0
6.146666667 1 0 0 0
6.153333333 1 0 0 0
6.160000000 1 0 0 0
6.166666667 1 0 0 0
6.173333333 1 0 0 0
6.180000000 1 0 0 0
6.186666667 1 0 0 0
6.193333333 1 0 0 0
6.200000000 1 0 0 0
6.206666667 1 0 0 0
6.213333333 1 0 0 0
6.220000000 1 0 0 0
6.226666667 1 0 0 0
6.233333333 1 0 0 0
6.240000000 1 0 0 0
6.246666667 1 0 0 0
6.253333333 1 0 0 0
6.260000000 1 0 0 0
6.266666667 1 0 0 0
6.273333333 1 0 0 0
6.280000000 1 0 0 0
6.286666667 1 0 0 0
6.293333333 1 0 0 0
6.300000000 1 0 0 0
6.306666667 1 0 0 0
6.313333333 1 0 0 0
6.320000000 1 0 0 0
6.326666667 1 0 0 0
6.333333333 1 0 0 0
6.340000000 1 0 0 0
6.346666667 1 0 0 0
6.353333333 1 0 0 0
6.360000000 1 0 0 0
6.366666667 1 0 0 0
6.373333333 1 0 0 0
6.380000000 1 0 0 0
6.386666667 1 0 0 0
6.393333333 1 0 0 0
6.400000000 1 0 0 0
6.406666667 1 0 0 0
6.413333333 1 0 0 0
6.420000000 1 0 0 0
6.426666667 1 0 0 0
6.433333333 1 0 0 0
6.440000000 1 0 0 0
6.446666667 1 0 0 0
6.453333333 1 0 0 0
6.460000000 1 0 0 0
6.466666667 1 0 0 0
6.473333333 1 0 0 0
6.480000000 1 0 0 0
6.486666667 1 0 0 0
6.493333333 1 0 0 0
6.500000000 1 0 0 0
6.506666667 1 0 0 0
6.513333333 1 0 0 0
6.520000000 1 0 0 0
6.526666667 1 0 0 0
6.533333333 1 0 0 0
6.540000000 1 0 0 0
6.546666667 1 0 0 0
6.553333333 1 0 0 0
6.560000000 1 0 0 0
6.566666667 1 0 0 0
6.573333333 1 0 0 0
6.580000000 1 0 0 0
6.586666667 1 0 0 0
6.593333333 1 0 0 0
6.600000000 1 0 0 0
6.606666667 1 0 0 0
6.613333333 1 0 0 0
6.620000000 1 0 0 0
6.626666667 1 0 0 0
6.633333333 1 0 0 0
6.640000000 1 0 0 0
6.646666667 1 0 0 0
6.653333333 1 0 0 0
6.660000000 1 0 0 0
6.666666667 1 0 0 0
6.673333333 1 0 0 0
6.680000000 1 0 0 0
6.686666667 1 0 0 0
6.693333333 1 0 0 0
6.700000000 1 0 0 0
6.706666667 1 0 0 0
6.713333333 1 0 0 0
6.720000000 1 0 0 0
6.726666667 1 0 0 0
6.733333333 1 0 0 0
6.740000000 1 0 0 0
6.746666667 1 0 0 0
6.753333333 1 0 0 0
6.760000000 1 0 0 0
6.766666667 1 0 0 0
6.773333333 1 0 0 0
6.780000000 1 0 0 0
6.786666667 1 0 0 0
6.793333333 1 0 0 0
6.800000000 1 0 0 0
6.806666667 1 0 0 0
6.813333333 1 0 0 0
6.820000000 1 0 0 0
6.826666667 1 0 0 0
6.833333333 1 0 0 0
6.840000000 1 0 0 0
6.846666667 1 0 0 0
6.853333333 1 0 0 0
6.860000000 1 0 0 0
6.866666667 1 0 0 0
6.873333333 1 0 0 0
6.880000000 1 0 0 0
6.886666667 1 0 0 0
6.893333333 1 0 0 0
6.900000000 1 0 0 0
6.906666667 1 0 0 0
6.913333333 1 0 0 0
6.920000000 1 0 0 0
6.926666667 1 0 0 0
6.933333333 1 0 0 0
6.940000000 1 0 0 0
6.946666667 1 0 0 0
6.953333333 1 0 0 0
6.960000000 1 0 0 0
6.966666667 1 0 0 0
6.973333333 1 0 0 0
6.980000000 1 0 0 0
6.986666667 1 0 0 0
6.993333333 1 0 0 0
7.000000000 1 0 0 0
7.006666667 1 0 0 0
7.013333333 1 0 0 0
7.020000000 1 0 0 0
7.026666667 1 0 0 0
7.033333333 1 0 0 0
7.040000000 1 0 0 0
7.046666667 1 0 0 0
7.053333333 1 0 0 0
7.060000000 1 0 0 0
7.066666667 1 0 0 0
7.073333333 1 0 0 0
7.080000000 1 0 0 0
7.086666667 1 0 0 0
7.093333333 1 0 0 0
7.100000000 1 0 0 0
7.106666667 1 0 0 0
7.113333333 1 0 0 0
7.120000000 1 0 0 0
7.126666667 1 0 0 0
7.133333333 1 0 0 0
7.140000000 1 0 0 0
7.146666667 1 0 0 0
7.153333333 1 0 0 0
7.160000000 1 0 0 0
7.166666667 1 0 0 0
7.173333333 1 0 0 0
7.180000000 1 0 0 0
7.186666667 1 0 0 0
7.193333333 1 0 0 0
7.200000000 1 0 0 0
7.206666667 1 0 0 0
7.213333333 1 0 0 0
7.220000000 1 0 0 0
7.226666667 1 0 0 0
7.233333333 1 0 0 0
7.240000000 1 0 0 0
7.246666667 1 0 0 0
7.253333333 1 0 0 0
7.260000000 1 0 0 0
7.266666667 1 0 0 0
7.273333333 1 0 0 0
7.280000000 1 0 0 0
7.286666667 1 0 0 0
7.293333333 1 0 0 0
7.300000000 1 0 0 0
7.306666667 1 0 0 0
7.313333333 1 0 0 0
7.320000000 1 0 0 0
7.326666667 1 0 0 0
7.333333333 1 0 0 0
7.340000000 1 0 0 0
7.346666667 1 0 0 0
7.353333333 1 0 0 0
7.360000000 1 0 0 0
7.366666667 1 0 0 0
7.373333333 1 0 0 0
7.380000000 1 0 0 0
7.386666667 1 0 0 0
7.393333333 1 0 0 0
7.400000000 1 0 0 0
7.406666667 1 0 0 0
7.413333333 1 0 0 0
7.420000000 1 0 0 0
7.426666667 1 0 0 0
7.433333333 1 0 0 0
7.440000000 1 0 0 0
7.446666667 1 0 0 0
7.453333333 1 0 0 0
7.460000000 1 0 0 0
7.466666667 1 0 0 0
7.473333333 1 0 0 0
7.480000000 1 0 0 0
7.486666667 1 0 0 0
7.493333333 1 0 0 0
7.500000000 1 0 0 0
7.506666667 1 0 0 0
7.513333333 1 0 0 0
7.520000000 1 0 0 0
7.526666667 1 0 0 0
7.533333333 1 0 0 0
7.540000000 1 0 0 0
7.546666667 1 0 0 0
7.553333333 1 0 0 0
7.560000000 1 0 0 0
7.566666667 1 0 0 0
7.573333333 1 0 0 0
7.580000000 1 0 0 0
7.586666667 1 0 0 0
7.593333333 1 0 0 0
7.600000000 1 0 0 0
7.606666667 1 0 0 0
7.613333333 1 0 0 0
7.620000000 1 0 0 0
7.626666667 1 0 0 0
7.633333333 1 0 0 0
7.640000000 1 0 0 0
7.646666667 1 0 0 0
7.653333333 1 0 0 0
7.660000000 1 0 0 0
7.666666667 1 0 0 0
7.673333333 1 0 0 0
7.680000000 1 0 0 0
7.686666667 1 0 0 0
7.693333333 1 0 0 0
7.700000000 1 0 0 0
7.706666667 1 0 0 0
7.713333333 1 0 0 0
7.720000000 1 0 0 0
7.726666667 1 0 0 0
7.733333333 1 0 0 0
7.740000000 1 0 0 0
7.746666667 1 0 0 0
7.753333333 1 0 0 0
7.760000000 1 0 0 0
7.766666667 1 0 0 0
7.773333333 1 0 0 0
7.780000000 1 0 0 0
7.786666667 1 0 0 0
7.793333333 1 0 0 0
7.800000000 1 0 0 0
7.806666667 1 0 0 0
7.813333333 1 0 0 0
7.820000000 1 0 0 0
7.826666667 1 0 0 0
7.833333333 1 0 0 0
7.840000000 1 0 0 0
7.846666667 1 0 0 0
7.853333333 1 0 0 0
7.860000000 1 0 0 0
7.866666667 1 0 0 0
7.873333333 1 0 0 0
7.880000000 1 0 0 0
7.886666667 1 0 0 0
7.893333333 1 0 0 0
7.900000000 1 0 0 0
7.906666667 1 0 0 0
7.913333333 1 0 0 0
7.920000000 1 0 0 0
7.926666667 1 0 0 0
7.933333333 1 0 0 0
7.940000000 1 0 0 0
7.946666667 1 0 0 0
7.953333333 1 0 0 0
7.960000000 1 0 0 0
7.966666667 1 0 0 0
7.973333333 1 0 0 0
7.980000000 1 0 0 0
7.986666667 1 0 0 0
7.993333333 1 0 0 0
8.000000000 1 0 0 0
8.006666667 1 0 0 0
8.013333333 1 0 0 0
8.020000000 1 0 0 0
8.026666667 1 0 0 0
8.033333333 1 0 0 0
8.040000000 1 0 0 0
8.046666667 1 0 0 0
8.053333333 1 0 0 0
8.060000000 1 0 0 0
8.066666667 1 0 0 0
8.073333333 1 0 0 0
8.080000000 1 0 0 0
8.086666667 1 0 0 0
8.093333333 1 0 0 0
8.100000000 1 0 0 0
8.106666667 1 0 0 0
8.113333333 1 0 0 0
8.120000000 1 0 0 0
8.126666667 1 0 0 0
8.133333333 1 0 0 0
8.140000000 1 0 0 0
8.146666667 1 0 0 0
8.153333333 1 0 0 0
8.160000000 1 0 0 0
8.166666667 1 0 0 0
8.173333333 1 0 0 0
8.180000000 1 0 0 0
8.186666667 1 0 0 0
8.193333333 1 0 0 0
8.200000000 1 0 0 0
8.206666667 1 0 0 0
8.213333333 1 0 0 0
8.220000000 1 0 0 0
8.226666667 1 0 0 0
8.233333333 1 0 0 0
8.240000000 1 0 0 0
8.246666667 1 0 0 0
8.253333333 1 0 0 0
8.260000000 1 0 0 0
8.266666667 1 0 0 0
8.273333333 1 0 0 0
8.280000000 1 0 0 0
8.286666667 1 0 0 0
8.293333333 1 0 0 0
8.300000000 1 0 0 0
8.306666667 1 0 0 0
8.313333333 1 0 0 0
8.320000000 1 0 0 0
8.326666667 1 0 0 0
8.333333333 1 0 0 0
8.340000000 1 0 0 0
8.346666667 1 0 0 0
8.353333333 1 0 0 0
8.360000000 1 0 0 0
8.366666667 1 0 0 0
8.373333333 1 0 0 0
8.380000000 1 0 0 0
8.386666667 1 0 0 0
8.393333333 1 0 0 0
8.400000000 1 0 0 0
8.406666667 1 0 0 0
8.413333333 1 0 0 0
8.420000000 1 0 0 0
8.426666667 1 0 0 0
8.433333333 1 0 0 0
8.440000000 1 0 0 0
8.446666667 1 0 0 0
8.453333333 1 0 0 0
8.460000000 1 0 0 0
8.466666667 1 0 0 0
8.473333333 1 0 0 0
8.480000000 1 0 0 0
8.486666667 1 0 0 0
8.493333333 1 0 0 0
8.500000000 1 0 0 0
8.506666667 1 0 0 0
8.513333333 1 0 0 0
8.520000000 1 0 0 0
8.526666667 1 0 0 0
8.533333333 1 0 0 0
8.540000000 1 0 0 0
8.546666667 1 0 0 0
8.553333333 1 0 0 0
8.560000000 1 0 0 0
8.566666667 1 0 0 0
8.573333333 1 0 0 0
8.580000000 1 0 0 0
8.586666667 1 0 0 0
8.593333333 1 0 0 0
8.600000000 1 0 0 0
8.606666667 1 0 0 0
8.613333333 1 0 0 0
8.620000000 1 0 0 0
8.626666667 1 0 0 0
8.633333333 1 0 0 0
8.640000000 1 0 0 0
8.646666667 1 0 0 0
8.653333333 1 0 0 0
8.660000000 1 0 0 0
8.666666667 1 0 0 0
8.673333333 1 0 0 0
8.680000000 1 0 0 0
8.686666667 1 0 0 0
8.693333333 1 0 0 0
8.700000000 1 0 0 0
8.706666667 1 0 0 0
8.713333333 1 0 0 0
8.720000000 1 0 0 0
8.726666667 1 0 0 0
8.733333333 1 0 0 0
8.740000000 1 0 0 0
8.746666667 1 0 0 0
8.753333333 1 0 0 0
8.760000000 1 0 0 0
8.766666667 1 0 0 0
8.773333333 1 0 0 0
8.780000000 1 0 0 0
8.786666667 1 0 0 0
8.793333333 1 0 0 0
8.800000000 1 0 0 0
8.806666667 1 0 0 0
8.813333333 1 0 0 0
8.820000000 1 0 0 0
8.826666667 1 0 0 0
8.833333333 1 0 0 0
8.840000000 1 0 0 0
8.846666667 1 0 0 0
8.853333333 1 0 0 0
8.860000000 1 0 0 0
8.866666667 1 0 0 0
8.873333333 1 0 0 0
8.880000000 1 0 0 0
8.886666667 1 0 0 0
8.893333333 1 0 0 0
8.900000000 1 0 0 0
8.906666667 1 0 0 0
8.913333333 1 0 0 0
8.920000000 1 0 0 0
8.926666667 1 0 0 0
8.933333333 1 0 0 0
8.940000000 1 0 0 0
8.946666667 1 0 0 0
8.953333333 1 0 0 0
8.960000000 1 0 0 0
8.966666667 1 0 0 0
8.973333333 1 0 0 0
8.980000000 1 0 0 0
8.986666667 1 0 0 0
8.993333333 1 0 0 0
9.000000000 1 0 0 0
9.006666667 1 0 0 0
9.013333333 1 0 0 0
9.020000000 1 0 0 0
9.026666667 1 0 0 0
9.033333333 1 0 0 0
9.040000000 1 0 0 0
9.046666667 1 0 0 0
9.053333333 1 0 0 0
9.060000000 1 0 0 0
9.066666667 1 0 0 0
9.073333333 1 0 0 0
9.080000000 1 0 0 0
9.086666667 1 0 0 0
9.093333333 1 0 0 0
9.100000000 1 0 0 0
9.106666667 1 0 0 0
9.113333333 1 0 0 0
9.120000000 1 0 0 0
9.126666667 1 0 0 0
9.133333333 1 0 0 0
9.140000000 1 0 0 0
9.146666667 1 0 0 0
9.153333333 1 0 0 0
9.160000000 1 0 0 0
9.166666667 1 0 0 0
9.173333333 1 0 0 0
9.180000000 1 0 0 0
9.186666667 1 0 0 0
9.193333333 1 0 0 0
9.200000000 1 0 0 0
9.206666667 1 0 0 0
9.213333333 1 0 0 0
9.220000000 1 0 0 0
9.226666667 1 0 0 0
9.233333333 1 0 0 0
9.240000000 1 0 0 0
9.246666667 1 0 0 0
9.253333333 1 0 0 0
9.260000000 1 0 0 0
9.266666667 1 0 0 0
9.273333333 1 0 0 0
9.280000000 1 0 0 0
9.286666667 1 0 0 0
9.293333333 1 0 0 0
9.300000000 1 0 0 0
9.306666667 1 0 0 0
9.313333333 1 0 0 0
9.320000000 1 0 0 0
9.326666667 1 0 0 0
9.333333333 1 0 0 0
9.340000000 1 0 0 0
9.346666667 1 0 0 0
9.353333333 1 0 0 0
9.360000000 1 0 0 0
9.366666667 1 0 0 0
9.373333333 1 0 0 0
9.380000000 1 0 0 0
9.386666667 1 0 0 0
9.393333333 1 0 0 0
9.400000000 1 0 0 0
9.406666667 1 0 0 0
9.413333333 1 0 0 0
9.420000000 1 0 0 0
9.426666667 1 0 0 0
9.433333333 1 0 0 0
9.440000000 1 0 0 0
9.446666667 1 0 0 0
9.453333333 1 0 0 0
9.460000000 1 0 0 0
9.466666667 1 0 0 0
9.473333333 1 0 0 0
9.480000000 1 0 0 0
9.486666667 1 0 0 0
9.493333333 1 0 0 0
9.500000000 1 0 0 0
9.506666667 1 0 0 0
9.513333333 1 0 0 0
9.520000000 1 0 0 0
9.526666667 1 0 0 0
9.533333333 1 0 0 0
9.540000000 1 0 0 0
9.546666667 1 0 0 0
9.553333333 1 0 0 0
9.560000000 1 0 0 0
9.566666667 1 0 0 0
9.573333333 1 0 0 0
9.580000000 1 0 0 0
9.586666667 1 0 0 0
9.593333333 1 0 0 0
9.600000000 1 0 0 0
9.606666667 1 0 0 0
9.613333333 1 0 0 0
9.620000000 1 0 0 0
9.626666667 1 0 0 0
9.633333333 1 0 0 0
9.640000000 1 0 0 0
9.646666667 1 0 0 0
9.653333333 1 0 0 0
9.660000000 1 0 0 0
9.666666667 1 0 0 0
9.673333333 1 0 0 0
9.680000000 1 0 0 0
9.686666667 1 0 0 0
9.693333333 1 0 0 0
9.700000000 1 0 0 0
9.706666667 1 0 0 0
9.713333333 1 0 0 0
9.720000000 1 0 0 0
9.726666667 1 0 0 0
9.733333333 1 0 0 0
9.740000000 1 0 0 0
9.746666667 1 0 0 0
9.753333333 1 0 0 0
9.760000000 1 0 0 0
9.766666667 1 0 0 0
9.773333333 1 0 0 0
9.780000000 1 0 0 0
9.786666667 1 0 0 0
9.793333333 1 0 0 0
9.800000000 1 0 0 0
9.806666667 1 0 0 0
9.813333333 1 0 0 0
9.820000000 1 0 0 0
9.826666667 1 0 0 0
9.833333333 1 0 0 0
9.840000000 1 0 0 0
9.846666667 1 0 0 0
9.853333333 1 0 0 0
9.860000000 1 0 0 0
9.866666667 1 0 0 0
9.873333333 1 0 0 0
9.880000000 1 0 0 0
9.886666667 1 0 0 0
9.893333333 1 0 0 0
9.900000000 1 0 0 0
9.906666667 1 0 0 0
9.913333333 1 0 0 0
9.920000000 1 0 0 0
9.926666667 1 0 0 0
9.933333333 1 0 0 0
9.940000000 1 0 0 0
9.946666667 1 0 0 0
9.953333333 1 0 0 0
9.960000000 1 0 0 0
9.966666667 1 0 0 0
9.973333333 1 0 0 0
9.980000000 1 0 0 0
9.986666667 1 0 0 0
9.993333333 1 0 0 0
10.000000000 1 0 0 0
10.006666667 1 0 0 0
10.013333333 1 0 0 0
10.020000000 1 0 0 0
10.026666667 1 0 0 0
10.033333333 1 0 0 0
10.040000000 1 0 0 0
10.046666667 1 0 0 0
10.053333333 1 0 0 0
10.060000000 1 0 0 0
10.066666667 1 0 0 0
10.073333333 1 0 0 0
10.080000000 1 0 0 0
10.086666667 1 0 0 0
10.093333333 1 0 0 0
10.100000000 1 0 0 0
10.106666667 1 0 0 0
10.113333333 1 0 0 0
10.120000000 1 0 0 0
10.126666667 1 0 0 0
10.133333333 1 0 0 0
10.140000000 1 0 0 0
10.146666667 1 0 0 0
10.153333333 1 0 0 0
10.160000000 1 0 0 0
10.166666667 1 0 0 0
10.173333333 1 0 0 0
10.180000000 1 0 0 0
10.186666667 1 0 0 0
10.193333333 1 0 0 0
10.200000000 1 0 0 0
10.206666667 1 0 0 0
10.213333333 1 0 0 0
10.220000000 1 0 0 0
10.226666667 1 0 0 0
10.233333333 1 0 0 0
10.240000000 1 0 0 0
10.246666667 1 0 0 0
10.253333333 1 0 0 0
10.260000000 1 0 0 0
10.266666667 1 0 0 0
10.273333333 1 0 0 0
10.280000000 1 0 0 0
10.286666667 1 0 0 0
10.293333333 1 0 0 0
10.300000000 1 0 0 0
10.306666667 1 0 0 0
10.313333333 1 0 0 0
10.320000000 1 0 0 0
10.326666667 1 0 0 0
10.333333333 1 0 0 0
10.340000000 1 0 0 0
10.346666667 1 0 0 0
10.353333333 1 0 0 0
10.360000000 1 0 0 0
10.366666667 1 0 0 0
10.373333333 1 0 0 0
10.380000000 1 0 0 0
10.386666667 1 0 0 0
10.393333333 1 0 0 0
10.400000000 1 0 0 0
10.406666667 1 0 0 0
10.413333333 1 0 0 0
10.420000000 1 0 0 0
10.426666667 1 0 0 0
10.433333333 1 0 0 0
10.440000000 1 0 0 0
10.446666667 1 0 0 0
10.453333333 1 0 0 0
10.460000000 1 0 0 0
10.466666667 1 0 0 0
10.473333333 1 0 0 0
10.480000000 1 0 0 0
10.486666667 1 0 0 0
10.493333333 1 0 0 0
10.500000000 1 0 0 0
10.506666667 1 0 0 0
10.513333333 1 0 0 0
10.520000000 1 0 0 0
10.526666667 1 0 0 0
10.533333333 1 0 0 0
10.540000000 1 0 0 0
10.546666667 1 0 0 0
10.553333333 1 0 0 0
10.560000000 1 0 0 0
10.566666667 1 0 0 0
10.573333333 1 0 0 0
10.580000000 1 0 0 0
10.586666667 1 0 0 0
10.593333333 1 0 0 0
10.600000000 1 0 0 0
10.606666667 1 0 0 0
10.613333333 1 0 0 0
10.620000000 1 0 0 0
10.626666667 1 0 0 0
10.633333333 1 0 0 0
10.640000000 1 0 0 0
10.646666667 1 0 0 0
10.653333333 1 0 0 0
10.660000000 1 0 0 0
10.666666667 1 0 0 0
10.673333333 1 0 0 0
10.680000000 1 0 0 0
10.686666667 1 0 0 0
10.693333333 1 0 0 0
10.700000000 1 0 0 0
10.706666667 1 0 0 0
10.713333333 1 0 0 0
10.720000000 1 0 0 0
10.726666667 1 0 0 0
10.733333333 1 0 0 0
10.740000000 1 0 0 0
10.746666667 1 0 0 0
10.753333333 1 0 0 0
10.760000000 1 0 0 0
10.766666667 1 0 0 0
10.773333333 1 0 0 0
10.780000000 1 0 0 0
10.786666667 1 0 0 0
10.793333333 1 0 0 0
10.800000000 1 0 0 0
10.806666667 1 0 0 0
10.813333333 1 0 0 0
10.820000000 1 0 0 0
10.826666667 1 0 0 0
10.833333333 1 0 0 0
10.840000000 1 0 0 0
10.846666667 1 0 0 0
10.853333333 1 0 0 0
10.860000000 1 0 0 0
10.866666667 1 0 0 0
10.873333333 1 0 0 0
10.880000000 1 0 0 0
10.886666667 1 0 0 0
10.893333333 1 0 0 0
10.900000000 1 0 0 0
10.906666667 1 0 0 0
10.913333333 1 0 0 0
10.920000000 1 0 0 0
10.926666667 1 0 0 0
10.933333333 1 0 0 0
10.940000000 1 0 0 0
10.946666667 1 0 0 0
10.953333333 1 0 0 0
10.960000000 1 0 0 0
10.966666667 1 0 0 0
10.973333333 1 0 0 0
10.980000000 1 0 0 0
10.986666667 1 0 0 0
10.993333333 1 0 0 0
11.000000000 1 0 0 0
11.006666667 1 0 0 0
11.013333333 1 0 0 0
11.020000000 1 0 0 0
11.026666667 1 0 0 0
11.033333333 1 0 0 0
11.040000000 1 0 0 0
11.046666667 1 0 0 0
11.053333333 1 0 0 0
11.060000000 1 0 0 0
11.066666667 1 0 0 0
11.073333333 1 0 0 0
11.080000000 1 0 0 0
11.086666667 1 0 0 0
11.093333333 1 0 0 0
11.100000000 1 0 0 0
11.106666667 1 0 0 0
11.113333333 1 0 0 0
11.120000000 1 0 0 0
11.126666667 1 0 0 0
11.133333333 1 0 0 0
11.140000000 1 0 0 0
11.146666667 1 0 0 0
11.153333333 1 0 0 0
11.160000000 1 0 0 0
11.166666667 1 0 0 0
11.173333333 1 0 0 0
11.180000000 1 0 0 0
11.186666667 1 0 0 0
11.193333333 1 0 0 0
11.200000000 1 0 0 0
11.206666667 1 0 0 0
11.213333333 1 0 0 0
11.220000000 1 0 0 0
11.226666667 1 0 0 0
11.233333333 1 0 0 0
11.240000000 1 0 0 0
11.246666667 1 0 0 0
11.253333333 1 0 0 0
11.260000000 1 0 0 0
11.266666667 1 0 0 0
11.273333333 1 0 0 0
11.280000000 1 0 0 0
11.286666667 1 0 0 0
11.293333333 1 0 0 0
11.300000000 1 0 0 0
11.306666667 1 0 0 0
11.313333333 1 0 0 0
11.320000000 1 0 0 0
11.326666667 1 0 0 0
11.333333333 1 0 0 0
11.340000000 1 0 0 0
11.346666667 1 0 0 0
11.353333333 1 0 0 0
11.360000000 1 0 0 0
11.366666667 1 0 0 0
11.373333333 1 0 0 0
11.380000000 1 0 0 0
11.386666667 1 0 0 0
11.393333333 1 0 0 0
11.400000000 1 0 0 0
11.406666667 1 0 0 0
11.413333333 1 0 0 0
11.420000000 1 0 0 0
11.426666667 1 0 0 0
11.433333333 1 0 0 0
11.440000000 1 0 0 0
11.446666667 1 0 0 0
11.453333333 1 0 0 0
11.460000000 1 0 0 0
11.466666667 1 0 0 0
11.473333333 1 0 0 0
11.480000000 1 0 0 0
11.486666667 1 0 0 0
11.493333333 1 0 0 0
11.500000000 1 0 0 0
11.506666667 1 0 0 0
11.513333333 1 0 0 0
11.520000000 1 0 0 0
11.526666667 1 0 0 0
11.533333333 1 0 0 0
11.540000000 1 0 0 0
11.546666667 1 0 0 0
11.553333333 1 0 0 0
11.560000000 1 0 0 0
11.566666667 1 0 0 0
11.573333333 1 0 0 0
11.580000000 1 0 0 0
11.586666667 1 0 0 0
11.593333333 1 0 0 0
11.600000000 1 0 0 0
11.606666667 1 0 0 0
11.613333333 1 0 0 0
11.620000000 1 0 0 0
11.626666667 1 0 0 0
11.633333333 1 0 0 0
11.640000000 1 0 0 0
11.646666667 1 0 0 0
11.653333333 1 0 0 0
11.660000000 1 0 0 0
11.666666667 1 0 0 0
11.673333333 1 0 0 0
11.680000000 1 0 0 0
11.686666667 1 0 0 0
11.693333333 1 0 0 0
11.700000000 1 0 0 0
11.706666667 1 0 0 0
11.713333333 1 0 0 0
11.720000000 1 0 0 0
11.726666667 1 0 0 0
11.733333333 1 0 0 0
11.740000000 1 0 0 0
11.746666667 1 0 0 0
11.753333333 1 0 0 0
11.760000000 1 0 0 0
11.766666667 1 0 0 0
11.773333333 1 0 0 0
11.780000000 1 0 0 0
11.786666667 1 0 0 0
11.793333333 1 0 0 0
11.800000000 1 0 0 0
11.806666667 1 0 0 0
11.813333333 1 0 0 0
11.820000000 1 0 0 0
11.826666667 1 0 0 0
11.833333333 1 0 0 0
11.840000000 1 0 0 0
11.846666667 1 0 0 0
11.853333333 1 0 0 0
11.860000000 1 0 0 0
11.866666667 1 0 0 0
11.873333333 1 0 0 0
11.880000000 1 0 0 0
11.886666667 1 0 0 0
11.893333333 1 0 0 0
11.900000000 1 0 0 0
11.906666667 1 0 0 0
11.913333333 1 0 0 0
11.920000000 1 0 0 0
11.926666667 1 0 0 0
11.933333333 1 0 0 0
11.940000000 1 0 0 0
11.946666667 1 0 0 0
11.953333333 1 0 0 0
11.960000000 1 0 0 0
11.966666667 1 0 0 0
11.973333333 1 0 0 0
11.980000000 1 0 0 0
11.986666667 1 0 0 0
11.993333333 1 0 0 0
12.000000000 1 0 0 0
12.006666667 1 0 0 0
12.013333333 1 0 0 0
12.020000000 1 0 0 0
12.026666667 1 0 0 0
12.033333333 1 0 0 0
12.040000000 1 0 0 0
12.046666667 1 0 0 0
12.053333333 1 0 0 0
12.060000000 1 0 0 0
12.066666667 1 0 0 0
12.073333333 1 0 0 0
12.080000000 1 0 0 0
12.086666667 1 0 0 0
12.093333333 1 0 0 0
12.100000000 1 0 0 0
12.106666667 1 0 0 0
12.113333333 1 0 0 0
12.120000000 1 0 0 0
12.126666667 1 0 0 0
12.133333333 1 0 0 0
12.140000000 1 0 0 0
12.146666667 1 0 0 0
12.153333333 1 0 0 0
12.160000000 1 0 0 0
12.166666667 1 0 0 0
12.173333333 1 0 0 0
12.180000000 1 0 0 0
12.186666667 1 0 0 0
12.193333333 1 0 0 0
12.200000000 1 0 0 0
12.206666667 1 0 0 0
12.213333333 1 0 0 0
12.220000000 1 0 0 0
12.226666667 1 0 0 0
12.233333333 1 0 0 0
12.240000000 1 0 0 0
12.246666667 1 0 0 0
12.253333333 1 0 0 0
12.260000000 1 0 0 0
12.266666667 1 0 0 0
12.273333333 1 0 0 0
12.280000000 1 0 0 0
12.286666667 1 0 0 0
12.293333333 1 0 0 0
12.300000000 1 0 0 0
12.306666667 1 0 0 0
12.313333333 1 0 0 0
12.320000000 1 0 0 0
12.326666667 1 0 0 0
12.333333333 1 0 0 0
12.340000000 1 0 0 0
12.346666667 1 0 0 0
12.353333333 1 0 0 0
12.360000000 1 0 0 0
12.366666667 1 0 0 0
12.373333333 1 0 0 0
12.380000000 1 0 0 0
12.386666667 1 0 0 0
12.393333333 1 0 0 0
12.400000000 1 0 0 0
12.406666667 1 0 0 0
12.413333333 1 0 0 0
12.420000000 1 0 0 0
12.426666667 1 0 0 0
12.433333333 1 0 0 0
12.440000000 1 0 0 0
12.446666667 1 0 0 0
12.453333333 1 0 0 0
12.460000000 1 0 0 0
12.466666667 1 0 0 0
12.473333333 1 0 0 0
12.480000000 1 0 0 0
12.486666667 1 0 0 0
12.493333333 1 0 0 0
12.500000000 1 0 0 0
12.506666667 1 0 0 0
12.513333333 1 0 0 0
12.520000000 1 0 0 0
12.526666667 1 0 0 0
12.533333333 1 0 0 0
12.540000000 1 0 0 0
12.546666667 1 0 0 0
12.553333333 1 0 0 0
12.560000000 1 0 0 0
12.566666667 1 0 0 0
12.573333333 1 0 0 0
12.580000000 1 0 0 0
12.586666667 1 0 0 0
12.593333333 1 0 0 0
12.600000000 1 0 0 0
12.606666667 1 0 0 0
12.613333333 1 0 0 0
12.620000000 1 0 0 0
12.626666667 1 0 0 0
12.633333333 1 0 0 0
12.640000000 1 0 0 0
12.646666667 1 0 0 0
12.653333333 1 0 0 0
12.660000000 1 0 0 0
12.666666667 1 0 0 0
12.673333333 1 0 0 0
12.680000000 1 0 0 0
12.686666667 1 0 0 0
12.693333333 1 0 0 0
12.700000000 1 0 0 0
12.706666667 1 0 0 0
12.713333333 1 0 0 0
12.720000000 1 0 0 0
12.726666667 1 0 0 0
12.733333333 1 0 0 0
12.740000000 1 0 0 0
12.746666667 1 0 0 0
12.753333333 1 0 0 0
12.760000000 1 0 0 0
12.766666667 1 0 0 0
12.773333333 1 0 0 0
12.780000000 1 0 0 0
12.786666667 1 0 0 0
12.793333333 1 0 0 0
12.800000000 1 0 0 0
12.806666667 1 0 0 0
12.813333333 1 0 0 0
12.820000000 1 0 0 0
12.826666667 1 0 0 0
12.833333333 1 0 0 0
12.840000000 1 0 0 0
12.846666667 1 0 0 0
12.853333333 1 0 0 0
12.860000000 1 0 0 0
12.866666667 1 0 0 0
12.873333333 1 0 0 0
12.880000000 1 0 0 0
12.886666667 1 0 0 0
12.893333333 1 0 0 0
12.900000000 1 0 0 0
12.906666667 1 0 0 0
12.913333333 1 0 0 0
12.920000000 1 0 0 0
12.926666667 1 0 0 0
12.933333333 1 0 0 0
12.940000000 1 0 0 0
12.946666667 1 0 0 0
12.953333333 1 0 0 0
12.960000000 1 0 0 0
12.966666667 1 0 0 0
12.973333333 1 0 0 0
12.980000000 1 0 0 0
12.986666667 1 0 0 0
12.993333333 1 0 0 0
13.000000000 1 0 0 0
13.006666667 1 0 0 0
13.013333333 1 0 0 0
13.020000000 1 0 0 0
13.026666667 1 0 0 0
13.033333333 1 0 0 0
13.040000000 1 0 0 0
13.046666667 1 0 0 0
13.053333333 1 0 0 0
13.060000000 1 0 0 0
13.066666667 1 0 0 0
13.073333333 1 0 0 0
13.080000000 1 0 0 0
13.086666667 1 0 0 0
13.093333333 1 0 0 0
13.100000000 1 0 0 0
13.106666667 1 0 0 0
13.113333333 1 0 0 0
13.120000000 1 0 0 0
13.126666667 1 0 0 0
13.133333333 1 0 0 0
13.140000000 1 0 0 0
13.146666667 1 0 0 0
13.153333333 1 0 0 0
13.160000000 1 0 0 0
13.166666667 1 0 0 0
13.173333333 1 0 0 0
13.180000000 1 0 0 0
13.186666667 1 0 0 0
13.193333333 1 0 0 0
13.200000000 1 0 0 0
13.206666667 1 0 0 0
13.213333333 1 0 0 0
13.220000000 1 0 0 0
13.226666667 1 0 0 0
13.233333333 1 0 0 0
13.240000000 1 0 0 0
13.246666667 1 0 0 0
13.253333333 1 0 0 0
13.260000000 1 0 0 0
13.266666667 1 0 0 0
13.273333333 1 0 0 0
13.280000000 1 0 0 0
13.286666667 1 0 0 0
13.293333333 1 0 0 0
13.300000000 1 0 0 0
13.306666667 1 0 0 0
13.313333333 1 0 0 0
13.320000000 1 0 0 0
13.326666667 1 0 0 0
13.333333333 1 0 0 0
13.340000000 1 0 0 0
13.346666667 1 0 0 0
13.353333333 1 0 0 0
13.360000000 1 0 0 0
13.366666667 1 0 0 0
13.373333333 1 0 0 0
13.380000000 1 0 0 0
13.386666667 1 0 0 0
13.393333333 1 0 0 0
13.400000000 1 0 0 0
13.406666667 1 0 0 0
13.413333333 1 0 0 0
13.420000000 1 0 0 0
13.426666667 1 0 0 0
13.433333333 1 0 0 0
13.440000000 1 0 0 0
13.446666667 1 0 0 0
13.453333333 1 0 0 0
13.460000000 1 0 0 0
13.466666667 1 0 0 0
13.473333333 1 0 0 0
13.480000000 1 0 0 0
13.486666667 1 0 0 0
13.493333333 1 0 0 0
13.500000000 1 0 0 0
13.506666667 1 0 0 0
13.513333333 1 0 0 0
13.520000000 1 0 0 0
13.526666667 1 0 0 0
13.533333333 1 0 0 0
13.540000000 1 0 0 0
13.546666667 1 0 0 0
13.553333333 1 0 0 0
13.560000000 1 0 0 0
13.566666667 1 0 0 0
13.573333333 1 0 0 0
13.580000000 1 0 0 0
13.586666667 1 0 0 0
13.593333333 1 0 0 0
13.600000000 1 0 0 0
13.606666667 1 0 0 0
13.613333333 1 0 0 0
13.620000000 1 0 0 0
13.626666667 1 0 0 0
13.633333333 1 0 0 0
13.640000000 1 0 0 0
13.646666667 1 0 0 0
13.653333333 1 0 0 0
13.660000000 1 0 0 0
13.666666667 1 0 0 0
13.673333333 1 0 0 0
13.680000000 1 0 0 0
13.686666667 1 0 0 0
13.693333333 1 0 0 0
13.700000000 1 0 0 0
13.706666667 1 0 0 0
13.713333333 1 0 0 0
13.720000000 1 0 0 0
13.726666667 1 0 0 0
13.733333333 1 0 0 0
13.740000000 1 0 0 0
13.746666667 1 0 0 0
13.753333333 1 0 0 0
13.760000000 1 0 0 0
13.766666667 1 0 0 0
13.773333333 1 0 0 0
13.780000000 1 0 0 0
13.786666667 1 0 0 0
13.793333333 1 0 0 0
13.800000000 1 0 0 0
13.806666667 1 0 0 0
13.813333333 1 0 0 0
13.820000000 1 0 0 0
13.826666667 1 0 0 0
13.833333333 1 0 0 0
13.840000000 1 0 0 0
13.846666667 1 0 0 0
13.853333333 1 0 0 0
13.860000000 1 0 0 0
13.866666667 1 0 0 0
13.873333333 1 0 0 0
13.880000000 1 0 0 0
13.886666667 1 0 0 0
13.893333333 1 0 0 0
13.900000000 1 0 0 0
13.906666667 1 0 0 0
13.913333333 1 0 0 0
13.920000000 1 0 0 0
13.926666667 1 0 0 0
13.933333333 1 0 0 0
13.940000000 1 0 0 0
13.946666667 1 0 0 0
13.953333333 1 0 0 0
13.960000000 1 0 0 0
13.966666667 1 0 0 0
13.973333333 1 0 0 0
13.980000000 1 0 0 0
13.986666667 1 0 0 0
13.993333333 1 0 0 0
14.000000000 1 0 0 0
14.006666667 1 0 0 0
14.013333333 1 0 0 0
14.020000000 1 0 0 0
14.026666667 1 0 0 0
14.033333333 1 0 0 0
14.040000000 1 0 0 0
14.046666667 1 0 0 0
14.053333333 1 0 0 0
14.060000000 1 0 0 0
14.066666667 1 0 0 0
14.073333333 1 0 0 0
14.080000000 1 0 0 0
14.086666667 1 0 0 0
14.093333333 1 0 0 0
14.100000000 1 0 0 0
14.106666667 1 0 0 0
14.113333333 1 0 0 0
14.120000000 1 0 0 0
14.126666667 1 0 0 0
14.133333333 1 0 0 0
14.140000000 1 0 0 0
14.146666667 1 0 0 0
14.153333333 1 0 0 0
14.160000000 1 0 0 0
14.166666667 1 0 0 0
14.173333333 1 0 0 0
14.180000000 1 0 0 0
14.186666667 1 0 0 0
14.193333333 1 0 0 0
14.200000000 1 0 0 0
14.206666667 1 0 0 0
14.213333333 1 0 0 0
14.220000000 1 0 0 0
14.226666667 1 0 0 0
14.233333333 1 0 0 0
14.240000000 1 0 0 0
14.246666667 1 0 0 0
14.253333333 1 0 0 0
14.260000000 1 0 0 0
14.266666667 1 0 0 0
14.273333333 1 0 0 0
14.280000000 1 0 0 0
14.286666667 1 0 0 0
14.293333333 1 0 0 0
14.300000000 1 0 0 0
14.306666667 1 0 0 0
14.313333333 1 0 0 0
14.320000000 1 0 0 0
14.326666667 1 0 0 0
14.333333333 1 0 0 0
14.340000000 1 0 0 0
14.346666667 1 0 0 0
14.353333333 1 0 0 0
14.360000000 1 0 0 0
14.366666667 1 0 0 0
14.373333333 1 0 0 0
14.380000000 1 0 0 0
14.386666667 1 0 0 0
14.393333333 1 0 0 0
14.400000000 1 0 0 0
14.406666667 1 0 0 0
14.413333333 1 0 0 0
14.420000000 1 0 0 0
14.426666667 1 0 0 0
14.433333333 1 0 0 0
14.440000000 1 0 0 0
14.446666667 1 0 0 0
14.453333333 1 0 0 0
14.460000000 1 0 0 0
14.466666667 1 0 0 0
14.473333333 1 0 0 0
14.480000000 1 0 0 0
14.486666667 1 0 0 0
14.493333333 1 0 0 0
14.500000000 1 0 0 0
14.506666667 1 0 0 0
14.513333333 1 0 0 0
14.520000000 1 0 0 0
14.526666667 1 0 0 0
14.533333333 1 0 0 0
14.540000000 1 0 0 0
14.546666667 1 0 0 0
14.553333333 1 0 0 0
14.560000000 1 0 0 0
14.566666667 1 0 0 0
14.573333333 1 0 0 0
14.580000000 1 0 0 0
14.586666667 1 0 0 0
14.593333333 1 0 0 0
14.600000000 1 0 0 0
14.606666667 1 0 0 0
14.613333333 1 0 0 0
14.620000000 1 0 0 0
14.626666667 1 0 0 0
14.633333333 1 0 0 0
14.640000000 1 0 0 0
14.646666667 1 0 0 0
14.653333333 1 0 0 0
14.660000000 1 0 0 0
14.666666667 1 0 0 0
14.673333333 1 0 0 0
14.680000000 1 0 0 0
14.686666667 1 0 0 0
14.693333333 1 0 0 0
14.700000000 1 0 0 0
14.706666667 1 0 0 0
14.713333333 1 0 0 0
14.720000000 1 0 0 0
14.726666667 1 0 0 0
14.733333333 1 0 0 0
14.740000000 1 0 0 0
14.746666667 1 0 0 0
14.753333333 1 0 0 0
14.760000000 1 0 0 0
14.766666667 1 0 0 0
14.773333333 1 0 0 0
14.780000000 1 0 0 0
14.786666667 1 0 0 0
14.793333333 1 0 0 0
14.800000000 1 0 0 0
14.806666667 1 0 0 0
14.813333333 1 0 0 0
14.820000000 1 0 0 0
14.826666667 1 0 0 0
14.833333333 1 0 0 0
14.840000000 1 0 0 0
14.846666667 1 0 0 0
14.853333333 1 0 0 0
14.860000000 1 0 0 0
14.866666667 1 0 0 0
14.873333333 1 0 0 0
14.880000000 1 0 0 0
14.886666667 1 0 0 0
14.893333333 1 0 0 0
14.900000000 1 0 0 0
14.906666667 1 0 0 0
14.913333333 1 0 0 0
14.920000000 1 0 0 0
14.926666667 1 0 0 0
14.933333333 1 0 0 0
14.940000000 1 0 0 0
14.946666667 1 0 0 0
14.953333333 1 0 0 0
14.960000000 1 0 0 0
14.966666667 1 0 0 0
14.973333333 1 0 0 0
14.980000000 1 0 0 0
14.986666667 1 0 0 0
14.993333333 1 0 0 0
15.000000000 1 0 0 0
15.006666667 1 0 0 0
15.013333333 1 0 0 0
15.020000000 1 0 0 0
15.026666667 1 0 0 0
15.033333333 1 0 0 0
15.040000000 1 0 0 0
15.046666667 1 0 0 0
15.053333333 1 0 0 0
15.060000000 1 0 0 0
15.066666667 1 0 0 0
15.073333333 1 0 0 0
15.080000000 1 0 0 0
15.086666667 1 0 0 0
15.093333333 1 0 0 0
15.100000000 1 0 0 0
15.106666667 1 0 0 0
15.113333333 1 0 0 0
15.120000000 1 0 0 0
15.126666667 1 0 0 0
15.133333333 1 0 0 0
15.140000000 1 0 0 0
15.146666667 1 0 0 0
15.153333333 1 0 0 0
15.160000000 1 0 0 0
15.166666667 1 0 0 0
15.173333333 1 0 0 0
15.180000000 1 0 0 0
15.186666667 1 0 0 0
15.193333333 1 0 0 0
15.200000000 1 0 0 0
15.206666667 1 0 0 0
15.213333333 1 0 0 0
15.220000000 1 0 0 0
15.226666667 1 0 0 0
15.233333333 1 0 0 0
15.240000000 1 0 0 0
15.246666667 1 0 0 0
15.253333333 1 0 0 0
15.260000000 1 0 0 0
15.266666667 1 0 0 0
15.273333333 1 0 0 0
15.280000000 1 0 0 0
15.286666667 1 0 0 0
15.293333333 1 0 0 0
15.300000000 1 0 0 0
15.306666667 1 0 0 0
15.313333333 1 0 0 0
15.320000000 1 0 0 0
15.326666667 1 0 0 0
15.333333333 1 0 0 0
15.340000000 1 0 0 0
15.346666667 1 0 0 0
15.353333333 1 0 0 0
15.360000000 1 0 0 0
15.366666667 1 0 0 0
15.373333333 1 0 0 0
15.380000000 1 0 0 0
15.386666667 1 0 0 0
15.393333333 1 0 0 0
15.400000000 1 0 0 0
15.406666667 1 0 0 0
15.413333333 1 0 0 0
15.420000000 1 0 0 0
15.426666667 1 0 0 0
15.433333333 1 0 0 0
15.440000000 1 0 0 0
15.446666667 1 0 0 0
15.453333333 1 0 0 0
15.460000000 1 0 0 0
15.466666667 1 0 0 0
15.473333333 1 0 0 0
15.480000000 1 0 0 0
15.486666667 1 0 0 0
15.493333333 1 0 0 0
15.500000000 1 0 0 0
15.506666667 1 0 0 0
15.513333333 1 0 0 0
15.520000000 1 0 0 0
15.526666667 1 0 0 0
15.533333333 1 0 0 0
15.540000000 1 0 0 0
15.546666667 1 0 0 0
15.553333333 1 0 0 0
15.560000000 1 0 0 0
15.566666667 1 0 0 0
15.573333333 1 0 0 0
15.580000000 1 0 0 0
15.586666667 1 0 0 0
15.593333333 1 0 0 0
15.600000000 1 0 0 0
15.606666667 1 0 0 0
15.613333333 1 0 0 0
15.620000000 1 0 0 0
15.626666667 1 0 0 0
15.633333333 1 0 0 0
15.640000000 1 0 0 0
15.646666667 1 0 0 0
15.653333333 1 0 0 0
15.660000000 1 0 0 0
15.666666667 1 0 0 0
15.673333333 1 0 0 0
15.680000000 1 0 0 0
15.686666667 1 0 0 0
15.693333333 1 0 0 0
15.700000000 1 0 0 0
15.706666667 1 0 0 0
15.713333333 1 0 0 0
15.720000000 1 0 0 0
15.726666667 1 0 0 0
15.733333333 1 0 0 0
15.740000000 1 0 0 0
15.746666667 1 0 0 0
15.753333333 1 0 0 0
15.760000000 1 0 0 0
15.766666667 1 0 0 0
15.773333333 1 0 0 0
15.780000000 1 0 0 0
15.786666667 1 0 0 0
15.793333333 1 0 0 0
15.800000000 1 0 0 0
15.806666667 1 0 0 0
15.813333333 1 0 0 0
15.820000000 1 0 0 0
15.826666667 1 0 0 0
15.833333333 1 0 0 0
15.840000000 1 0 0 0
15.846666667 1 0 0 0
15.853333333 1 0 0 0
15.860000000 1 0 0 0
15.866666667 1 0 0 0
15.873333333 1 0 0 0
15.880000000 1 0 0 0
15.886666667 1 0 0 0
15.893333333 1 0 0 0
15.900000000 1 0 0 0
15.906666667 1 0 0 0
15.913333333 1 0 0 0
15.920000000 1 0 0 0
15.926666667 1 0 0 0
15.933333333 1 0 0 0
15.940000000 1 0 0 0
15.946666667 1 0 0 0
15.953333333 1 0 0 0
15.960000000 1 0 0 0
15.966666667 1 0 0 0
15.973333333 1 0 0 0
15.980000000 1 0 0 0
15.986666667 1 0 0 0
15.993333333 1 0 0 0
16.000000000 1 0 0 0
16.006666667 1 0 0 0
16.013333333 1 0 0 0
16.020000000 1 0 0 0
16.026666667 1 0 0 0
16.033333333 1 0 0 0
16.040000000 1 0 0 0
16.046666667 1 0 0 0
16.053333333 1 0 0 0
16.060000000 1 0 0 0
16.066666667 1 0 0 0
16.073333333 1 0 0 0
16.080000000 1 0 0 0
16.086666667 1 0 0 0
16.093333333 1 0 0 0
16.100000000 1 0 0 0
16.106666667 1 0 0 0
16.113333333 1 0 0 0
16.120000000 1 0 0 0
16.126666667 1 0 0 0
16.133333333 1 0 0 0
16.140000000 1 0 0 0
16.146666667 1 0 0 0
16.153333333 1 0 0 0
16.160000000 1 0 0 0
16.166666667 1 0 0 0
16.173333333 1 0 0 0
16.180000000 1 0 0 0
16.186666667 1 0 0 0
16.193333333 1 0 0 0
16.200000000 1 0 0 0
16.206666667 1 0 0 0
16.213333333 1 0 0 0
16.220000000 1 0 0 0
16.226666667 1 0 0 0
16.233333333 1 0 0 0
16.240000000 1 0 0 0
16.246666667 1 0 0 0
16.253333333 1 0 0 0
16.260000000 1 0 0 0
16.266666667 1 0 0 0
16.273333333 1 0 0 0
16.280000000 1 0 0 0
16.286666667 1 0 0 0
16.293333333 1 0 0 0
16.300000000 1 0 0 0
16.306666667 1 0 0 0
16.313333333 1 0 0 0
16.320000000 1 0 0 0
16.326666667 1 0 0 0
16.333333333 1 0 0 0
16.340000000 1 0 0 0
16.346666667 1 0 0 0
16.353333333 1 0 0 0
16.360000000 1 0 0 0
16.366666667 1 0 0 0
16.373333333 1 0 0 0
16.380000000 1 0 0 0
16.386666667 1 0 0 0
16.393333333 1 0 0 0
16.400000000 1 0 0 0
16.406666667 1 0 0 0
16.413333333 1 0 0 0
16.420000000 1 0 0 0
16.426666667 1 0 0 0
16.433333333 1 0 0 0
16.440000000 1 0 0 0
16.446666667 1 0 0 0
16.453333333 1 0 0 0
16.460000000 1 0 0 0
16.466666667 1 0 0 0
16.473333333 1 0 0 0
16.480000000 1 0 0 0
16.486666667 1 0 0 0
16.493333333 1 0 0 0
16.500000000 1 0 0 0
16.506666667 1 0 0 0
16.513333333 1 0 0 0
16.520000000 1 0 0 0
16.526666667 1 0 0 0
16.533333333 1 0 0 0
16.540000000 1 0 0 0
16.546666667 1 0 0 0
16.553333333 1 0 0 0
16.560000000 1 0 0 0
16.566666667 1 0 0 0
16.573333333 1 0 0 0
16.580000000 1 0 0 0
16.586666667 1 0 0 0
16.593333333 1 0 0 0
16.600000000 1 0 0 0
16.606666667 1 0 0 0
16.613333333 1 0 0 0
16.620000000 1 0 0 0
16.626666667 1 0 0 0
16.633333333 1 0 0 0
16.640000000 1 0 0 0
16.646666667 1 0 0 0
16.653333333 1 0 0 0
16.660000000 1 0 0 0
16.666666667 1 0 0 0
16.673333333 1 0 0 0
16.680000000 1 0 0 0
16.686666667 1 0 0 0
16.693333333 1 0 0 0
16.700000000 1 0 0 0
16.706666667 1 0 0 0
16.713333333 1 0 0 0
16.720000000 1 0 0 0
16.726666667 1 0 0 0
16.733333333 1 0 0 0
16.740000000 1 0 0 0
16.746666667 1 0 0 0
16.753333333 1 0 0 0
16.760000000 1 0 0 0
16.766666667 1 0 0 0
16.773333333 1 0 0 0
16.780000000 1 0 0 0
16.786666667 1 0 0 0
16.793333333 1 0 0 0
16.800000000 1 0 0 0
16.806666667 1 0 0 0
16.813333333 1 0 0 0
16.820000000 1 0 0 0
16.826666667 1 0 0 0
16.833333333 1 0 0 0
16.840000000 1 0 0 0
16.846666667 1 0 0 0
16.853333333 1 0 0 0
16.860000000 1 0 0 0
16.866666667 1 0 0 0
16.873333333 1 0 0 0
16.880000000 1 0 0 0
16.886666667 1 0 0 0
16.893333333 1 0 0 0
16.900000000 1 0 0 0
16.906666667 1 0 0 0
16.913333333 1 0 0 0
16.920000000 1 0 0 0
16.926666667 1 0 0 0
16.933333333 1 0 0 0
16.940000000 1 0 0 0
16.946666667 1 0 0 0
16.953333333 1 0 0 0
16.960000000 1 0 0 0
16.966666667 1 0 0 0
16.973333333 1 0 0 0
16.980000000 1 0 0 0
16.986666667 1 0 0 0
16.993333333 1 0 0 0
17.000000000 1 0 0 0
17.006666667 1 0 0 0
17.013333333 1 0 0 0
17.020000000 1 0 0 0
17.026666667 1 0 0 0
17.033333333 1 0 0 0
17.040000000 1 0 0 0
17.046666667 1 0 0 0
17.053333333 1 0 0 0
17.060000000 1 0 0 0
17.066666667 1 0 0 0
17.073333333 1 0 0 0
17.080000000 1 0 0 0
17.086666667 1 0 0 0
17.093333333 1 0 0 0
17.100000000 1 0 0 0
17.106666667 1 0 0 0
17.113333333 1 0 0 0
17.120000000 1 0 0 0
17.126666667 1 0 0 0
17.133333333 1 0 0 0
17.140000000 1 0 0 0
17.146666667 1 0 0 0
17.153333333 1 0 0 0
17.160000000 1 0 0 0
17.166666667 1 0 0 0
17.173333333 1 0 0 0
17.180000000 1 0 0 0
17.186666667 1 0 0 0
17.193333333 1 0 0 0
17.200000000 1 0 0 0
17.206666667 1 0 0 0
17.213333333 1 0 0 0
17.220000000 1 0 0 0
17.226666667 1 0 0 0
17.233333333 1 0 0 0
17.240000000 1 0 0 0
17.246666667 1 0 0 0
17.253333333 1 0 0 0
17.260000000 1 0 0 0
17.266666667 1 0 0 0
17.273333333 1 0 0 0
17.280000000 1 0 0 0
17.286666667 1 0 0 0
17.293333333 1 0 0 0
17.300000000 1 0 0 0
17.306666667 1 0 0 0
17.313333333 1 0 0 0
17.320000000 1 0 0 0
17.326666667 1 0 0 0
17.333333333 1 0 0 0
17.340000000 1 0 0 0
17.346666667 1 0 0 0
17.353333333 1 0 0 0
17.360000000 1 0 0 0
17.366666667 1 0 0 0
17.373333333 1 0 0 0
17.380000000 1 0 0 0
17.386666667 1 0 0 0
17.393333333 1 0 0 0
17.400000000 1 0 0 0
17.406666667 1 0 0 0
17.413333333 1 0 0 0
17.420000000 1 0 0 0
17.426666667 1 0 0 0
17.433333333 1 0 0 0
17.440000000 1 0 0 0
17.446666667 1 0 0 0
17.453333333 1 0 0 0
17.460000000 1 0 0 0
17.466666667 1 0 0 0
17.473333333 1 0 0 0
17.480000000 1 0 0 0
17.486666667 1 0 0 0
17.493333333 1 0 0 0
17.500000000 1 0 0 0
17.506666667 1 0 0 0
17.513333333 1 0 0 0
17.520000000 1 0 0 0
17.526666667 1 0 0 0
17.533333333 1 0 0 0
17.540000000 1 0 0 0
17.546666667 1 0 0 0
17.553333333 1 0 0 0
17.560000000 1 0 0 0
17.566666667 1 0 0 0
17.573333333 1 0 0 0
17.580000000 1 0 0 0
17.586666667 1 0 0 0
17.593333333 1 0 0 0
17.600000000 1 0 0 0
17.606666667 1 0 0 0
17.613333333 1 0 0 0
17.620000000 1 0 0 0
17.626666667 1 0 0 0
17.633333333 1 0 0 0
17.640000000 1 0 0 0
17.646666667 1 0 0 0
17.653333333 1 0 0 0
17.660000000 1 0 0 0
17.666666667 1 0 0 0
17.673333333 1 0 0 0
17.680000000 1 0 0 0
17.686666667 1 0 0 0
17.693333333 1 0 0 0
17.700000000 1 0 0 0
17.706666667 1 0 0 0
17.713333333 1 0 0 0
17.720000000 1 0 0 0
17.726666667 1 0 0 0
17.733333333 1 0 0 0
17.740000000 1 0 0 0
17.746666667 1 0 0 0
17.753333333 1 0 0 0
17.760000000 1 0 0 0
17.766666667 1 0 0 0
17.773333333 1 0 0 0
17.780000000 1 0 0 0
17.786666667 1 0 0 0
17.793333333 1 0 0 0
17.800000000 1 0 0 0
17.806666667 1 0 0 0
17.813333333 1 0 0 0
17.820000000 1 0 0 0
17.826666667 1 0 0 0
17.833333333 1 0 0 0
17.840000000 1 0 0 0
17.846666667 1 0 0 0
17.853333333 1 0 0 0
17.860000000 1 0 0 0
17.866666667 1 0 0 0
17.873333333 1 0 0 0
17.880000000 1 0 0 0
17.886666667 1 0 0 0
17.893333333 1 0 0 0
17.900000000 1 0 0 0
17.906666667 1 0 0 0
17.913333333 1 0 0 0
17.920000000 1 0 0 0
17.926666667 1 0 0 0
17.933333333 1 0 0 0
17.940000000 1 0 0 0
17.946666667 1 0 0 0
17.953333333 1 0 0 0
17.960000000 1 0 0 0
17.966666667 1 0 0 0
17.973333333 1 0 0 0
17.980000000 1 0 0 0
17.986666667 1 0 0 0
17.993333333 1 0 0 0
18.000000000 1 0 0 0
18.006666667 1 0 0 0
18.013333333 1 0 0 0
18.020000000 1 0 0 0
18.026666667 1 0 0 0
18.033333333 1 0 0 0
18.040000000 1 0 0 0
18.046666667 1 0 0 0
18.053333333 1 0 0 0
18.060000000 1 0 0 0
18.066666667 1 0 0 0
18.073333333 1 0 0 0
18.080000000 1 0 0 0
18.086666667 1 0 0 0
18.093333333 1 0 0 0
18.100000000 1 0 0 0
18.106666667 1 0 0 0
18.113333333 1 0 0 0
18.120000000 1 0 0 0
18.126666667 1 0 0 0
18.133333333 1 0 0 0
18.140000000 1 0 0 0
18.146666667 1 0 0 0
18.153333333 1 0 0 0
18.160000000 1 0 0 0
18.166666667 1 0 0 0
18.173333333 1 0 0 0
18.180000000 1 0 0 0
18.186666667 1 0 0 0
18.193333333 1 0 0 0
18.200000000 1 0 0 0
18.206666667 1 0 0 0
18.213333333 1 0 0 0
18.220000000 1 0 0 0
18.226666667 1 0 0 0
18.233333333 1 0 0 0
18.240000000 1 0 0 0
18.246666667 1 0 0 0
18.253333333 1 0 0 0
18.260000000 1 0 0 0
18.266666667 1 0 0 0
18.273333333 1 0 0 0
18.280000000 1 0 0 0
18.286666667 1 0 0 0
18.293333333 1 0 0 0
18.300000000 1 0 0 0
18.306666667 1 0 0 0
18.313333333 1 0 0 0
18.320000000 1 0 0 0
18.326666667 1 0 0 0
18.333333333 1 0 0 0
18.340000000 1 0 0 0
18.346666667 1 0 0 0
18.353333333 1 0 0 0
18.360000000 1 0 0 0
18.366666667 1 0 0 0
18.373333333 1 0 0 0
18.380000000 1 0 0 0
18.386666667 1 0 0 0
18.393333333 1 0 0 0
18.400000000 1 0 0 0
18.406666667 1 0 0 0
18.413333333 1 0 0 0
18.420000000 1 0 0 0
18.426666667 1 0 0 0
18.433333333 1 0 0 0
18.440000000 1 0 0 0
18.446666667 1 0 0 0
18.453333333 1 0 0 0
18.460000000 1 0 0 0
18.466666667 1 0 0 0
18.473333333 1 0 0 0
18.480000000 1 0 0 0
18.486666667 1 0 0 0
18.493333333 1 0 0 0
18.500000000 1 0 0 0
18.506666667 1 0 0 0
18.513333333 1 0 0 0
18.520000000 1 0 0 0
18.526666667 1 0 0 0
18.533333333 1 0 0 0
18.540000000 1 0 0 0
18.546666667 1 0 0 0
18.553333333 1 0 0 0
18.560000000 1 0 0 0
18.566666667 1 0 0 0
18.573333333 1 0 0 0
18.580000000 1 0 0 0
18.586666667 1 0 0 0
18.593333333 1 0 0 0
18.600000000 1 0 0 0
18.606666667 1 0 0 0
18.613333333 1 0 0 0
18.620000000 1 0 0 0
18.626666667 1 0 0 0
18.633333333 1 0 0 0
18.640000000 1 0 0 0
18.646666667 1 0 0 0
18.653333333 1 0 0 0
18.660000000 1 0 0 0
18.666666667 1 0 0 0
18.673333333 1 0 0 0
18.680000000 1 0 0 0
18.686666667 1 0 0 0
18.693333333 1 0 0 0
18.700000000 1 0 0 0
18.706666667 1 0 0 0
18.713333333 1 0 0 0
18.720000000 1 0 0 0
18.726666667 1 0 0 0
18.733333333 1 0 0 0
18.740000000 1 0 0 0
18.746666667 1 0 0 0
18.753333333 1 0 0 0
18.760000000 1 0 0 0
18.766666667 1 0 0 0
18.773333333 1 0 0 0
18.780000000 1 0 0 0
18.786666667 1 0 0 0
18.793333333 1 0 0 0
18.800000000 1 0 0 0
18.806666667 1 0 0 0
18.813333333 1 0 0 0
18.820000000 1 0 0 0
18.826666667 1 0 0 0
18.833333333 1 0 0 0
18.840000000 1 0 0 0
18.846666667 1 0 0 0
18.853333333 1 0 0 0
18.860000000 1 0 0 0
18.866666667 1 0 0 0
18.873333333 1 0 0 0
18.880000000 1 0 0 0
18.886666667 1 0 0 0
18.893333333 1 0 0 0
18.900000000 1 0 0 0
18.906666667 1 0 0 0
18.913333333 1 0 0 0
18.920000000 1 0 0 0
18.926666667 1 0 0 0
18.933333333 1 0 0 0
18.940000000 1 0 0 0
18.946666667 1 0 0 0
18.953333333 1 0 0 0
18.960000000 1 0 0 0
18.966666667 1 0 0 0
18.973333333 1 0 0 0
18.980000000 1 0 0 0
18.986666667 1 0 0 0
18.993333333 1 0 0 0
19.000000000 1 0 0 0
19.006666667 1 0 0 0
19.013333333 1 0 0 0
19.020000000 1 0 0 0
19.026666667 1 0 0 0
19.033333333 1 0 0 0
19.040000000 1 0 0 0
19.046666667 1 0 0 0
19.053333333 1 0 0 0
19.060000000 1 0 0 0
19.066666667 1 0 0 0
19.073333333 1 0 0 0
19.080000000 1 0 0 0
19.086666667 1 0 0 0
19.093333333 1 0 0 0
19.100000000 1 0 0 0
19.106666667 1 0 0 0
19.113333333 1 0 0 0
19.120000000 1 0 0 0
19.126666667 1 0 0 0
19.133333333 1 0 0 0
19.140000000 1 0 0 0
19.146666667 1 0 0 0
19.153333333 1 0 0 0
19.160000000 1 0 0 0
19.166666667 1 0 0 0
19.173333333 1 0 0 0
19.180000000 1 0 0 0
19.186666667 1 0 0 0
19.193333333 1 0 0 0
19.200000000 1 0 0 0
19.206666667 1 0 0 0
19.213333333 1 0 0 0
19.220000000 1 0 0 0
19.226666667 1 0 0 0
19.233333333 1 0 0 0
19.240000000 1 0 0 0
19.246666667 1 0 0 0
19.253333333 1 0 0 0
19.260000000 1 0 0 0
19.266666667 1 0 0 0
19.273333333 1 0 0 0
19.280000000 1 0 0 0
19.286666667 1 0 0 0
19.293333333 1 0 0 0
19.300000000 1 0 0 0
19.306666667 1 0 0 0
19.313333333 1 0 0 0
19.320000000 1 0 0 0
19.326666667 1 0 0 0
19.333333333 1 0 0 0
19.340000000 1 0 0 0
19.346666667 1 0 0 0
19.353333333 1 0 0 0
19.360000000 1 0 0 0
19.366666667 1 0 0 0
19.373333333 1 0 0 0
19.380000000 1 0 0 0
19.386666667 1 0 0 0
19.393333333 1 0 0 0
19.400000000 1 0 0 0
19.406666667 1 0 0 0
19.413333333 1 0 0 0
19.420000000 1 0 0 0
19.426666667 1 0 0 0
19.433333333 1 0 0 0
19.440000000 1 0 0 0
19.446666667 1 0 0 0
19.453333333 1 0 0 0
19.460000000 1 0 0 0
19.466666667 1 0 0 0
19.473333333 1 0 0 0
19.480000000 1 0 0 0
19.486666667 1 0 0 0
19.493333333 1 0 0 0
19.500000000 1 0 0 0
19.506666667 1 0 0 0
19.513333333 1 0 0 0
19.520000000 1 0 0 0
19.526666667 1 0 0 0
19.533333333 1 0 0 0
19.540000000 1 0 0 0
19.546666667 1 0 0 0
19.553333333 1 0 0 0
19.560000000 1 0 0 0
19.566666667 1 0 0 0
19.573333333 1 0 0 0
19.580000000 1 0 0 0
19.586666667 1 0 0 0
19.593333333 1 0 0 0
19.600000000 1 0 0 0
19.606666667 1 0 0 0
19.613333333 1 0 0 0
19.620000000 1 0 0 0
19.626666667 1 0 0 0
19.633333333 1 0 0 0
19.640000000 1 0 0 0
19.646666667 1 0 0 0
19.653333333 1 0 0 0
19.660000000 1 0 0 0
19.666666667 1 0 0 0
19.673333333 1 0 0 0
19.680000000 1 0 0 0
19.686666667 1 0 0 0
19.693333333 1 0 0 0
19.700000000 1 0 0 0
19.706666667 1 0 0 0
19.713333333 1 0 0 0
19.720000000 1 0 0 0
19.726666667 1 0 0 0
19.733333333 1 0 0 0
19.740000000 1 0 0 0
19.746666667 1 0 0 0
19.753333333 1 0 0 0
19.760000000 1 0 0 0
19.766666667 1 0 0 0
19.773333333 1 0 0 0
19.780000000 1 0 0 0
19.786666667 1 0 0 0
19.793333333 1 0 0 0
19.800000000 1 0 0 0
19.806666667 1 0 0 0
19.813333333 1 0 0 0
19.820000000 1 0 0 0
19.826666667 1 0 0 0
19.833333333 1 0 0 0
19.840000000 1 0 0 0
19.846666667 1 0 0 0
19.853333333 1 0 0 0
19.860000000 1 0 0 0
19.866666667 1 0 0 0
19.873333333 1 0 0 0
19.880000000 1 0 0 0
19.886666667 1 0 0 0
19.893333333 1 0 0 0
19.900000000 1 0 0 0
19.906666667 1 0 0 0
19.913333333 1 0 0 0
19.920000000 1 0 0 0
19.926666667 1 0 0 0
19.933333333 1 0 0 0
19.940000000 1 0 0 0
19.946666667 1 0 0 0
19.953333333 1 0 0 0
19.960000000 1 0 0 0
19.966666667 1 0 0 0
19.973333333 1 0 0 0
19.980000000 1 0 0 0
19.986666667 1 0 0 0
19.993333333 1 0 0 0
20.000000000 1 0 0 0
20.006666667 1 0 0 0
20.013333333 1 0 0 0
20.020000000 1 0 0 0
20.026666667 1 0 0 0
20.033333333 1 0 0 0
20.040000000 1 0 0 0
20.046666667 1 0 0 0
20.053333333 1 0 0 0
20.060000000 1 0 0 0
20.066666667 1 0 0 0
20.073333333 1 0 0 0
20.080000000 1 0 0 0
20.086666667 1 0 0 0
20.093333333 1 0 0 0
20.100000000 1 0 0 0
20.106666667 1 0 0 0
20.113333333 1 0 0 0
20.120000000 1 0 0 0
20.126666667 1 0 0 0
20.133333333 1 0 0 0
20.140000000 1 0 0 0
20.146666667 1 0 0 0
20.153333333 1 0 0 0
20.160000000 1 0 0 0
20.166666667 1 0 0 0
20.173333333 1 0 0 0
20.180000000 1 0 0 0
20.186666667 1 0 0 0
20.193333333 1 0 0 0
20.200000000 1 0 0 0
20.206666667 1 0 0 0
20.213333333 1 0 0 0
20.220000000 1 0 0 0
20.226666667 1 0 0 0
20.233333333 1 0 0 0
20.240000000 1 0 0 0
20.246666667 1 0 0 0
20.253333333 1 0 0 0
20.260000000 1 0 0 0
20.266666667 1 0 0 0
20.273333333 1 0 0 0
20.280000000 1 0 0 0
20.286666667 1 0 0 0
20.293333333 1 0 0 0
20.300000000 1 0 0 0
20.306666667 1 0 0 0
20.313333333 1 0 0 0
20.320000000 1 0 0 0
20.326666667 1 0 0 0
20.333333333 1 0 0 0
20.340000000 1 0 0 0
20.346666667 1 0 0 0
20.353333333 1 0 0 0
20.360000000 1 0 0 0
20.366666667 1 0 0 0
20.373333333 1 0 0 0
20.380000000 1 0 0 0
20.386666667 1 0 0 0
20.393333333 1 0 0 0
20.400000000 1 0 0 0
20.406666667 1 0 0 0
20.413333333 1 0 0 0
20.420000000 1 0 0 0
20.426666667 1 0 0 0
20.433333333 1 0 0 0
20.440000000 1 0 0 0
20.446666667 1 0 0 0
20.453333333 1 0 0 0
20.460000000 1 0 0 0
20.466666667 1 0 0 0
20.473333333 1 0 0 0
20.480000000 1 0 0 0
20.486666667 1 0 0 0
20.493333333 1 0 0 0
20.500000000 1 0 0 0
20.506666667 1 0 0 0
20.513333333 1 0 0 0
20.520000000 1 0 0 0
20.526666667 1 0 0 0
20.533333333 1 0 0 0
20.540000000 1 0 0 0
20.546666667 1 0 0 0
20.553333333 1 0 0 0
20.560000000 1 0 0 0
20.566666667 1 0 0 0
20.573333333 1 0 0 0
20.580000000 1 0 0 0
20.586666667 1 0 0 0
20.593333333 1 0 0 0
20.600000000 1 0 0 0
20.606666667 1 0 0 0
20.613333333 1 0 0 0
20.620000000 1 0 0 0
20.626666667 1 0 0 0
20.633333333 1 0 0 0
20.640000000 1 0 0 0
20.646666667 1 0 0 0
20.653333333 1 0 0 0
20.660000000 1 0 0 0
20.666666667 1 0 0 0
20.673333333 1 0 0 0
20.680000000 1 0 0 0
20.686666667 1 0 0 0
20.693333333 1 0 0 0
20.700000000 1 0 0 0
20.706666667 1 0 0 0
20.713333333 1 0 0 0
20.720000000 1 0 0 0
20.726666667 1 0 0 0
20.733333333 1 0 0 0
20.740000000 1 0 0 0
20.746666667 1 0 0 0
20.753333333 1 0 0 0
20.760000000 1 0 0 0
20.766666667 1 0 0 0
20.773333333 1 0 0 0
20.780000000 1 0 0 0
20.786666667 1 0 0 0
20.793333333 1 0 0 0
20.800000000 1 0 0 0
20.806666667 1 0 0 0
20.813333333 1 0 0 0
20.820000000 1 0 0 0
20.826666667 1 0 0 0
20.833333333 1 0 0 0
20.840000000 1 0 0 0
20.846666667 1 0 0 0
20.853333333 1 0 0 0
20.860000000 1 0 0 0
20.866666667 1 0 0 0
20.873333333 1 0 0 0
20.880000000 1 0 0 0
20.886666667 1 0 0 0
20.893333333 1 0 0 0
20.900000000 1 0 0 0
20.906666667 1 0 0 0
20.913333333 1 0 0 0
20.920000000 1 0 0 0
20.926666667 1 0 0 0
20.933333333 1 0 0 0
20.940000000 1 0 0 0
20.946666667 1 0 0 0
20.953333333 1 0 0 0
20.960000000 1 0 0 0
20.966666667 1 0 0 0
20.973333333 1 0 0 0
20.980000000 1 0 0 0
20.986666667 1 0 0 0
20.993333333 1 0 0 0
21.000000000 1 0 0 0
21.006666667 1 0 0 0
21.013333333 1 0 0 0
21.020000000 1 0 0 0
21.026666667 1 0 0 0
21.033333333 1 0 0 0
21.040000000 1 0 0 0
21.046666667 1 0 0 0
21.053333333 1 0 0 0
21.060000000 1 0 0 0
21.066666667 1 0 0 0
21.073333333 1 0 0 0
21.080000000 1 0 0 0
21.086666667 1 0 0 0
21.093333333 1 0 0 0
21.100000000 1 0 0 0
21.106666667 1 0 0 0
21.113333333 1 0 0 0
21.120000000 1 0 0 0
21.126666667 1 0 0 0
21.133333333 1 0 0 0
21.140000000 1 0 0 0
21.146666667 1 0 0 0
21.153333333 1 0 0 0
21.160000000 1 0 0 0
21.166666667 1 0 0 0
21.173333333 1 0 0 0
21.180000000 1 0 0 0
21.186666667 1 0 0 0
21.193333333 1 0 0 0
21.200000000 1 0 0 0
21.206666667 1 0 0 0
21.213333333 1 0 0 0
21.220000000 1 0 0 0
21.226666667 1 0 0 0
21.233333333 1 0 0 0
21.240000000 1 0 0 0
21.246666667 1 0 0 0
21.253333333 1 0 0 0
21.260000000 1 0 0 0
21.266666667 1 0 0 0
21.273333333 1 0 0 0
21.280000000 1 0 0 0
21.286666667 1 0 0 0
21.293333333 1 0 0 0
21.300000000 1 0 0 0
21.306666667 1 0 0 0
21.313333333 1 0 0 0
21.320000000 1 0 0 0
21.326666667 1 0 0 0
21.333333333 1 0 0 0
21.340000000 1 0 0 0
21.346666667 1 0 0 0
21.353333333 1 0 0 0
21.360000000 1 0 0 0
21.366666667 1 0 0 0
21.373333333 1 0 0 0
21.380000000 1 0 0 0
21.386666667 1 0 0 0
21.393333333 1 0 0 0
21.400000000 1 0 0 0
21.406666667 1 0 0 0
21.413333333 1 0 0 0
21.420000000 1 0 0 0
21.426666667 1 0 0 0
21.433333333 1 0 0 0
21.440000000 1 0 0 0
21.446666667 1 0 0 0
21.453333333 1 0 0 0
21.460000000 1 0 0 0
21.466666667 1 0 0 0
21.473333333 1 0 0 0
21.480000000 1 0 0 0
21.486666667 1 0 0 0
21.493333333 1 0 0 0
21.500000000 1 0 0 0
21.506666667 1 0 0 0
21.513333333 1 0 0 0
21.520000000 1 0 0 0
21.526666667 1 0 0 0
21.533333333 1 0 0 0
21.540000000 1 0 0 0
21.546666667 1 0 0 0
21.553333333 1 0 0 0
21.560000000 1 0 0 0
21.566666667 1 0 0 0
21.573333333 1 0 0 0
21.580000000 1 0 0 0
21.586666667 1 0 0 0
21.593333333 1 0 0 0
21.600000000 1 0 0 0
21.606666667 1 0 0 0
21.613333333 1 0 0 0
21.620000000 1 0 0 0
21.626666667 1 0 0 0
21.633333333 1 0 0 0
21.640000000 1 0 0 0
21.646666667 1 0 0 0
21.653333333 1 0 0 0
21.660000000 1 0 0 0
21.666666667 1 0 0 0
21.673333333 1 0 0 0
21.680000000 1 0 0 0
21.686666667 1 0 0 0
21.693333333 1 0 0 0
21.700000000 1 0 0 0
21.706666667 1 0 0 0
21.713333333 1 0 0 0
21.720000000 1 0 0 0
21.726666667 1 0 0 0
21.733333333 1 0 0 0
21.740000000 1 0 0 0
21.746666667 1 0 0 0
21.753333333 1 0 0 0
21.760000000 1 0 0 0
21.766666667 1 0 0 0
21.773333333 1 0 0 0
21.780000000 1 0 0 0
21.786666667 1 0 0 0
21.793333333 1 0 0 0
21.800000000 1 0 0 0
21.806666667 1 0 0 0
21.813333333 1 0 0 0
21.820000000 1 0 0 0
21.826666667 1 0 0 0
21.833333333 1 0 0 0
21.840000000 1 0 0 0
21.846666667 1 0 0 0
21.853333333 1 0 0 0
21.860000000 1 0 0 0
21.866666667 1 0 0 0
21.873333333 1 0 0 0
21.880000000 1 0 0 0
21.886666667 1 0 0 0
21.893333333 1 0 0 0
21.900000000 1 0 0 0
21.906666667 1 0 0 0
21.913333333 1 0 0 0
21.920000000 1 0 0 0
21.926666667 1 0 0 0
21.933333333 1 0 0 0
21.940000000 1 0 0 0
21.946666667 1 0 0 0
21.953333333 1 0 0 0
21.960000000 1 0 0 0
21.966666667 1 0 0 0
21.973333333 1 0 0 0
21.980000000 1 0 0 0
21.986666667 1 0 0 0
21.993333333 1 0 0 0
22.000000000 1 0 0 0
22.006666667 1 0 0 0
22.013333333 1 0 0 0
22.020000000 1 0 0 0
22.026666667 1 0 0 0
22.033333333 1 0 0 0
22.040000000 1 0 0 0
22.046666667 1 0 0 0
22.053333333 1 0 0 0
22.060000000 1 0 0 0
22.066666667 1 0 0 0
22.073333333 1 0 0 0
22.080000000 1 0 0 0
22.086666667 1 0 0 0
22.093333333 1 0 0 0
22.100000000 1 0 0 0
22.106666667 1 0 0 0
22.113333333 1 0 0 0
22.120000000 1 0 0 0
22.126666667 1 0 0 0
22.133333333 1 0 0 0
22.140000000 1 0 0 0
22.146666667 1 0 0 0
22.153333333 1 0 0 0
22.160000000 1 0 0 0
22.166666667 1 0 0 0
22.173333333 1 0 0 0
22.180000000 1 0 0 0
22.186666667 1 0 0 0
22.193333333 1 0 0 0
22.200000000 1 0 0 0
22.206666667 1 0 0 0
22.213333333 1 0 0 0
22.220000000 1 0 0 0
22.226666667 1 0 0 0
22.233333333 1 0 0 0
22.240000000 1 0 0 0
22.246666667 1 0 0 0
22.253333333 1 0 0 0
22.260000000 1 0 0 0
22.266666667 1 0 0 0
22.273333333 1 0 0 0
22.280000000 1 0 0 0
22.286666667 1 0 0 0
22.293333333 1 0 0 0
22.300000000 1 0 0 0
22.306666667 1 0 0 0
22.313333333 1 0 0 0
22.320000000 1 0 0 0
22.326666667 1 0 0 0
22.333333333 1 0 0 0
22.340000000 1 0 0 0
22.346666667 1 0 0 0
22.353333333 1 0 0 0
22.360000000 1 0 0 0
22.366666667 1 0 0 0
22.373333333 1 0 0 0
22.380000000 1 0 0 0
22.386666667 1 0 0 0
22.393333333 1 0 0 0
22.400000000 1 0 0 0
22.406666667 1 0 0 0
22.413333333 1 0 0 0
22.420000000 1 0 0 0
22.426666667 1 0 0 0
22.433333333 1 0 0 0
22.440000000 1 0 0 0
22.446666667 1 0 0 0
22.453333333 1 0 0 0
22.460000000 1 0 0 0
22.466666667 1 0 0 0
22.473333333 1 0 0 0
22.480000000 1 0 0 0
22.486666667 1 0 0 0
22.493333333 1 0 0 0
22.500000000 1 0 0 0
22.506666667 1 0 0 0
22.513333333 1 0 0 0
22.520000000 1 0 0 0
22.526666667 1 0 0 0
22.533333333 1 0 0 0
22.540000000 1 0 0 0
22.546666667 1 0 0 0
22.553333333 1 0 0 0
22.560000000 1 0 0 0
22.566666667 1 0 0 0
22.573333333 1 0 0 0
22.580000000 1 0 0 0
22.586666667 1 0 0 0
22.593333333 1 0 0 0
22.600000000 1 0 0 0
22.606666667 1 0 0 0
22.613333333 1 0 0 0
22.620000000 1 0 0 0
22.626666667 1 0 0 0
22.633333333 1 0 0 0
22.640000000 1 0 0 0
22.646666667 1 0 0 0
22.653333333 1 0 0 0
22.660000000 1 0 0 0
22.666666667 1 0 0 0
22.673333333 1 0 0 0
22.680000000 1 0 0 0
22.686666667 1 0 0 0
22.693333333 1 0 0 0
22.700000000 1 0 0 0
22.706666667 1 0 0 0
22.713333333 1 0 0 0
22.720000000 1 0 0 0
22.726666667 1 0 0 0
22.733333333 1 0 0 0
22.740000000 1 0 0 0
22.746666667 1 0 0 0
22.753333333 1 0 0 0
22.760000000 1 0 0 0
22.766666667 1 0 0 0
22.773333333 1 0 0 0
22.780000000 1 0 0 0
22.786666667 1 0 0 0
22.793333333 1 0 0 0
22.800000000 1 0 0 0
22.806666667 1 0 0 0
22.813333333 1 0 0 0
22.820000000 1 0 0 0
22.826666667 1 0 0 0
22.833333333 1 0 0 0
22.840000000 1 0 0 0
22.846666667 1 0 0 0
22.853333333 1 0 0 0
22.860000000 1 0 0 0
22.866666667 1 0 0 0
22.873333333 1 0 0 0
22.880000000 1 0 0 0
22.886666667 1 0 0 0
22.893333333 1 0 0 0
22.900000000 1 0 0 0
22.906666667 1 0 0 0
22.913333333 1 0 0 0
22.920000000 1 0 0 0
22.926666667 1 0 0 0
22.933333333 1 0 0 0
22.940000000 1 0 0 0
22.946666667 1 0 0 0
22.953333333 1 0 0 0
22.960000000 1 0 0 0
22.966666667 1 0 0 0
22.973333333 1 0 0 0
22.980000000 1 0 0 0
22.986666667 1 0 0 0
22.993333333 1 0 0 0
23.000000000 1 0 0 0
23.006666667 1 0 0 0
23.013333333 1 0 0 0
23.020000000 1 0 0 0
23.026666667 1 0 0 0
23.033333333 1 0 0 0
23.040000000 1 0 0 0
23.046666667 1 0 0 0
23.053333333 1 0 0 0
23.060000000 1 0 0 0
23.066666667 1 0 0 0
23.073333333 1 0 0 0
23.080000000 1 0 0 0
23.086666667 1 0 0 0
23.093333333 1 0 0 0
23.100000000 1 0 0 0
23.106666667 1 0 0 0
23.113333333 1 0 0 0
23.120000000 1 0 0 0
23.126666667 1 0 0 0
23.133333333 1 0 0 0
23.140000000 1 0 0 0
23.146666667 1 0 0 0
23.153333333 1 0 0 0
23.160000000 1 0 0 0
23.166666667 1 0 0 0
23.173333333 1 0 0 0
23.180000000 1 0 0 0
23.186666667 1 0 0 0
23.193333333 1 0 0 0
23.200000000 1 0 0 0
23.206666667 1 0 0 0
23.213333333 1 0 0 0
23.220000000 1 0 0 0
23.226666667 1 0 0 0
23.233333333 1 0 0 0
23.240000000 1 0 0 0
23.246666667 1 0 0 0
23.253333333 1 0 0 0
23.260000000 1 0 0 0
23.266666667 1 0 0 0
23.273333333 1 0 0 0
23.280000000 1 0 0 0
23.286666667 1 0 0 0
23.293333333 1 0 0 0
23.300000000 1 0 0 0
23.306666667 1 0 0 0
23.313333333 1 0 0 0
23.320000000 1 0 0 0
23.326666667 1 0 0 0
23.333333333 1 0 0 0
23.340000000 1 0 0 0
23.346666667 1 0 0 0
23.353333333 1 0 0 0
23.360000000 1 0 0 0
23.366666667 1 0 0 0
23.373333333 1 0 0 0
23.380000000 1 0 0 0
23.386666667 1 0 0 0
23.393333333 1 0 0 0
23.400000000 1 0 0 0
23.406666667 1 0 0 0
23.413333333 1 0 0 0
23.420000000 1 0 0 0
23.426666667 1 0 0 0
23.433333333 1 0 0 0
23.440000000 1 0 0 0
23.446666667 1 0 0 0
23.453333333 1 0 0 0
23.460000000 1 0 0 0
23.466666667 1 0 0 0
23.473333333 1 0 0 0
23.480000000 1 0 0 0
23.486666667 1 0 0 0
23.493333333 1 0 0 0
23.500000000 1 0 0 0
23.506666667 1 0 0 0
23.513333333 1 0 0 0
23.520000000 1 0 0 0
23.526666667 1 0 0 0
23.533333333 1 0 0 0
23.540000000 1 0 0 0
23.546666667 1 0 0 0
23.553333333 1 0 0 0
23.560000000 1 0 0 0
23.566666667 1 0 0 0
23.573333333 1 0 0 0
23.580000000 1 0 0 0
23.586666667 1 0 0 0
23.593333333 1 0 0 0
23.600000000 1 0 0 0
23.606666667 1 0 0 0
23.613333333 1 0 0 0
23.620000000 1 0 0 0
23.626666667 1 0 0 0
23.633333333 1 0 0 0
23.640000000 1 0 0 0
23.646666667 1 0 0 0
23.653333333 1 0 0 0
23.660000000 1 0 0 0
23.666666667 1 0 0 0
23.673333333 1 0 0 0
23.680000000 1 0 0 0
23.686666667 1 0 0 0
23.693333333 1 0 0 0
23.700000000 1 0 0 0
23.706666667 1 0 0 0
23.713333333 1 0 0 0
23.720000000 1 0 0 0
23.726666667 1 0 0 0
23.733333333 1 0 0 0
23.740000000 1 0 0 0
23.746666667 1 0 0 0
23.753333333 1 0 0 0
23.760000000 1 0 0 0
23.766666667 1 0 0 0
23.773333333 1 0 0 0
23.780000000 1 0 0 0
23.786666667 1 0 0 0
23.793333333 1 0 0 0
23.800000000 1 0 0 0
23.806666667 1 0 0 0
23.813333333 1 0 0 0
23.820000000 1 0 0 0
23.826666667 1 0 0 0
23.833333333 1 0 0 0
23.840000000 1 0 0 0
23.846666667 1 0 0 0
23.853333333 1 0 0 0
23.860000000 1 0 0 0
23.866666667 1 0 0 0
23.873333333 1 0 0 0
23.880000000 1 0 0 0
23.886666667 1 0 0 0
23.893333333 1 0 0 0
23.900000000 1 0 0 0
23.906666667 1 0 0 0
23.913333333 1 0 0 0
23.920000000 1 0 0 0
23.926666667 1 0 0 0
23.933333333 1 0 0 0
23.940000000 1 0 0 0
23.946666667 1 0 0 0
23.953333333 1 0 0 0
23.960000000 1 0 0 0
23.966666667 1 0 0 0
23.973333333 1 0 0 0
23.980000000 1 0 0 0
23.986666667 1 0 0 0
23.993333333 1 0 0 0
24.000000000 1 0 0 0
24.006666667 1 0 0 0
24.013333333 1 0 0 0
24.020000000 1 0 0 0
24.026666667 1 0 0 0
24.033333333 1 0 0 0
24.040000000 1 0 0 0
24.046666667 1 0 0 0
24.053333333 1 0 0 0
24.060000000 1 0 0 0
24.066666667 1 0 0 0
24.073333333 1 0 0 0
24.080000000 1 0 0 0
24.086666667 1 0 0 0
24.093333333 1 0 0 0
24.100000000 1 0 0 0
24.106666667 1 0 0 0
24.113333333 1 0 0 0
24.120000000 1 0 0 0
24.126666667 1 0 0 0
24.133333333 1 0 0 0
24.140000000 1 0 0 0
24.146666667 1 0 0 0
24.153333333 1 0 0 0
24.160000000 1 0 0 0
24.166666667 1 0 0 0
24.173333333 1 0 0 0
24.180000000 1 0 0 0
24.186666667 1 0 0 0
24.193333333 1 0 0 0
24.200000000 1 0 0 0
24.206666667 1 0 0 0
24.213333333 1 0 0 0
24.220000000 1 0 0 0
24.226666667 1 0 0 0
24.233333333 1 0 0 0
24.240000000 1 0 0 0
24.246666667 1 0 0 0
24.253333333 1 0 0 0
24.260000000 1 0 0 0
24.266666667 1 0 0 0
24.273333333 1 0 0 0
24.280000000 1 0 0 0
24.286666667 1 0 0 0
24.293333333 1 0 0 0
24.300000000 1 0 0 0
24.306666667 1 0 0 0
24.313333333 1 0 0 0
24.320000000 1 0 0 0
24.326666667 1 0 0 0
24.333333333 1 0 0 0
24.340000000 1 0 0 0
24.346666667 1 0 0 0
24.353333333 1 0 0 0
24.360000000 1 0 0 0
24.366666667 1 0 0 0
24.373333333 1 0 0 0
24.380000000 1 0 0 0
24.386666667 1 0 0 0
24.393333333 1 0 0 0
24.400000000 1 0 0 0
24.406666667 1 0 0 0
24.413333333 1 0 0 0
24.420000000 1 0 0 0
24.426666667 1 0 0 0
24.433333333 1 0 0 0
24.440000000 1 0 0 0
24.446666667 1 0 0 0
24.453333333 1 0 0 0
24.460000000 1 0 0 0
24.466666667 1 0 0 0
24.473333333 1 0 0 0
24.480000000 1 0 0 0
24.486666667 1 0 0 0
24.493333333 1 0 0 0
24.500000000 1 0 0 0
24.506666667 1 0 0 0
24.513333333 1 0 0 0
24.520000000 1 0 0 0
24.526666667 1 0 0 0
24.533333333 1 0 0 0
24.540000000 1 0 0 0
24.546666667 1 0 0 0
24.553333333 1 0 0 0
24.560000000 1 0 0 0
24.566666667 1 0 0 0
24.573333333 1 0 0 0
24.580000000 1 0 0 0
24.586666667 1 0 0 0
24.593333333 1 0 0 0
24.600000000 1 0 0 0
24.606666667 1 0 0 0
24.613333333 1 0 0 0
24.620000000 1 0 0 0
24.626666667 1 0 0 0
24.633333333 1 0 0 0
24.640000000 1 0 0 0
24.646666667 1 0 0 0
24.653333333 1 0 0 0
24.660000000 1 0 0 0
24.666666667 1 0 0 0
24.673333333 1 0 0 0
24.680000000 1 0 0 0
24.686666667 1 0 0 0
24.693333333 1 0 0 0
24.700000000 1 0 0 0
24.706666667 1 0 0 0
24.713333333 1 0 0 0
24.720000000 1 0 0 0
24.726666667 1 0 0 0
24.733333333 1 0 0 0
24.740000000 1 0 0 0
24.746666667 1 0 0 0
24.753333333 1 0 0 0
24.760000000 1 0 0 0
24.766666667 1 0 0 0
24.773333333 1 0 0 0
24.780000000 1 0 0 0
24.786666667 1 0 0 0
24.793333333 1 0 0 0
24.800000000 1 0 0 0
24.806666667 1 0 0 0
24.813333333 1 0 0 0
24.820000000 1 0 0 0
24.826666667 1 0 0 0
24.833333333 1 0 0 0
24.840000000 1 0 0 0
24.846666667 1 0 0 0
24.853333333 1 0 0 0
24.860000000 1 0 0 0
24.866666667 1 0 0 0
24.873333333 1 0 0 0
24.880000000 1 0 0 0
24.886666667 1 0 0 0
24.893333333 1 0 0 0
24.900000000 1 0 0 0
24.906666667 1 0 0 0
24.913333333 1 0 0 0
24.920000000 1 0 0 0
24.926666667 1 0 0 0
24.933333333 1 0 0 0
24.940000000 1 0 0 0
24.946666667 1 0 0 0
24.953333333 1 0 0 0
24.960000000 1 0 0 0
24.966666667 1 0 0 0
24.973333333 1 0 0 0
24.980000000 1 0 0 0
24.986666667 1 0 0 0
24.993333333 1 0 0 0
25.000000000 1 0 0 0
25.006666667 1 0 0 0
25.013333333 1 0 0 0
25.020000000 1 0 0 0
25.026666667 1 0 0 0
25.033333333 1 0 0 0
25.040000000 1 0 0 0
25.046666667 1 0 0 0
25.053333333 1 0 0 0
25.060000000 1 0 0 0
25.066666667 1 0 0 0
25.073333333 1 0 0 0
25.080000000 1 0 0 0
25.086666667 1 0 0 0
25.093333333 1 0 0 0
25.100000000 1 0 0 0
25.106666667 1 0 0 0
25.113333333 1 0 0 0
25.120000000 1 0 0 0
25.126666667 1 0 0 0
25.133333333 1 0 0 0
25.140000000 1 0 0 0
25.146666667 1 0 0 0
25.153333333 1 0 0 0
25.160000000 1 0 0 0
25.166666667 1 0 0 0
25.173333333 1 0 0 0
25.180000000 1 0 0 0
25.186666667 1 0 0 0
25.193333333 1 0 0 0
25.200000000 1 0 0 0
25.206666667 1 0 0 0
25.213333333 1 0 0 0
25.220000000 1 0 0 0
25.226666667 1 0 0 0
25.233333333 1 0 0 0
25.240000000 1 0 0 0
25.246666667 1 0 0 0
25.253333333 1 0 0 0
25.260000000 1 0 0 0
25.266666667 1 0 0 0
25.273333333 1 0 0 0
25.280000000 1 0 0 0
25.286666667 1 0 0 0
25.293333333 1 0 0 0
25.300000000 1 0 0 0
25.306666667 1 0 0 0
25.313333333 1 0 0 0
25.320000000 1 0 0 0
25.326666667 1 0 0 0
25.333333333 1 0 0 0
25.340000000 1 0 0 0
25.346666667 1 0 0 0
25.353333333 1 0 0 0
25.360000000 1 0 0 0
25.366666667 1 0 0 0
25.373333333 1 0 0 0
25.380000000 1 0 0 0
25.386666667 1 0 0 0
25.393333333 1 0 0 0
25.400000000 1 0 0 0
25.406666667 1 0 0 0
25.413333333 1 0 0 0
25.420000000 1 0 0 0
25.426666667 1 0 0 0
25.433333333 1 0 0 0
25.440000000 1 0 0 0
25.446666667 1 0 0 0
25.453333333 1 0 0 0
25.460000000 1 0 0 0
25.466666667 1 0 0 0
25.473333333 1 0 0 0
25.480000000 1 0 0 0
25.486666667 1 0 0 0
25.493333333 1 0 0 0
25.500000000 1 0 0 0
25.506666667 1 0 0 0
25.513333333 1 0 0 0
25.520000000 1 0 0 0
25.526666667 1 0 0 0
25.533333333 1 0 0 0
25.540000000 1 0 0 0
25.546666667 1 0 0 0
25.553333333 1 0 0 0
25.560000000 1 0 0 0
25.566666667 1 0 0 0
25.573333333 1 0 0 0
25.580000000 1 0 0 0
25.586666667 1 0 0 0
25.593333333 1 0 0 0
25.600000000 1 0 0 0
25.606666667 1 0 0 0
25.613333333 1 0 0 0
25.620000000 1 0 0 0
25.626666667 1 0 0 0
25.633333333 1 0 0 0
25.640000000 1 0 0 0
25.646666667 1 0 0 0
25.653333333 1 0 0 0
25.660000000 1 0 0 0
25.666666667 1 0 0 0
25.673333333 1 0 0 0
25.680000000 1 0 0 0
25.686666667 1 0 0 0
25.693333333 1 0 0 0
25.700000000 1 0 0 0
25.706666667 1 0 0 0
25.713333333 1 0 0 0
25.720000000 1 0 0 0
25.726666667 1 0 0 0
25.733333333 1 0 0 0
25.740000000 1 0 0 0
25.746666667 1 0 0 0
25.753333333 1 0 0 0
25.760000000 1 0 0 0
25.766666667 1 0 0 0
25.773333333 1 0 0 0
25.780000000 1 0 0 0
25.786666667 1 0 0 0
25.793333333 1 0 0 0
25.800000000 1 0 0 0
25.806666667 1 0 0 0
25.813333333 1 0 0 0
25.820000000 1 0 0 0
25.826666667 1 0 0 0
25.833333333 1 0 0 0
25.840000000 1 0 0 0
25.846666667 1 0 0 0
25.853333333 1 0 0 0
25.860000000 1 0 0 0
25.866666667 1 0 0 0
25.873333333 1 0 0 0
25.880000000 1 0 0 0
25.886666667 1 0 0 0
25.893333333 1 0 0 0
25.900000000 1 0 0 0
25.906666667 1 0 0 0
25.913333333 1 0 0 0
25.920000000 1 0 0 0
25.926666667 1 0 0 0
25.933333333 1 0 0 0
25.940000000 1 0 0 0
25.946666667 1 0 0 0
25.953333333 1 0 0 0
25.960000000 1 0 0 0
25.966666667 1 0 0 0
25.973333333 1 0 0 0
25.980000000 1 0 0 0
25.986666667 1 0 0 0
25.993333333 1 0 0 0
26.000000000 1 0 0 0
26.006666667 1 0 0 0
26.013333333 1 0 0 0
26.020000000 1 0 0 0
26.026666667 1 0 0 0
26.033333333 1 0 0 0
26.040000000 1 0 0 0
26.046666667 1 0 0 0
26.053333333 1 0 0 0
26.060000000 1 0 0 0
26.066666667 1 0 0 0
26.073333333 1 0 0 0
26.080000000 1 0 0 0
26.086666667 1 0 0 0
26.093333333 1 0 0 0
26.100000000 1 0 0 0
26.106666667 1 0 0 0
26.113333333 1 0 0 0
26.120000000 1 0 0 0
26.126666667 1 0 0 0
26.133333333 1 0 0 0
26.140000000 1 0 0 0
26.146666667 1 0 0 0
26.153333333 1 0 0 0
26.160000000 1 0 0 0
26.166666667 1 0 0 0
26.173333333 1 0 0 0
26.180000000 1 0 0 0
26.186666667 1 0 0 0
26.193333333 1 0 0 0
26.200000000 1 0 0 0
26.206666667 1 0 0 0
26.213333333 1 0 0 0
26.220000000 1 0 0 0
26.226666667 1 0 0 0
26.233333333 1 0 0 0
26.240000000 1 0 0 0
26.246666667 1 0 0 0
26.253333333 1 0 0 0
26.260000000 1 0 0 0
26.266666667 1 0 0 0
26.273333333 1 0 0 0
26.280000000 1 0 0 0
26.286666667 1 0 0 0
26.293333333 1 0 0 0
26.300000000 1 0 0 0
26.306666667 1 0 0 0
26.313333333 1 0 0 0
26.320000000 1 0 0 0
26.326666667 1 0 0 0
26.333333333 1 0 0 0
26.340000000 1 0 0 0
26.346666667 1 0 0 0
26.353333333 1 0 0 0
26.360000000 1 0 0 0
26.366666667 1 0 0 0
26.373333333 1 0 0 0
26.380000000 1 0 0 0
26.386666667 1 0 0 0
26.393333333 1 0 0 0
26.400000000 1 0 0 0
26.406666667 1 0 0 0
26.413333333 1 0 0 0
26.420000000 1 0 0 0
26.426666667 1 0 0 0
26.433333333 1 0 0 0
26.440000000 1 0 0 0
26.446666667 1 0 0 0
26.453333333 1 0 0 0
26.460000000 1 0 0 0
26.466666667 1 0 0 0
26.473333333 1 0 0 0
26.480000000 1 0 0 0
26.486666667 1 0 0 0
26.493333333 1 0 0 0
26.500000000 1 0 0 0
26.506666667 1 0 0 0
26.513333333 1 0 0 0
26.520000000 1 0 0 0
26.526666667 1 0 0 0
26.533333333 1 0 0 0
26.540000000 1 0 0 0
26.546666667 1 0 0 0
26.553333333 1 0 0 0
26.560000000 1 0 0 0
26.566666667 1 0 0 0
26.573333333 1 0 0 0
26.580000000 1 0 0 0
26.586666667 1 0 0 0
26.593333333 1 0 0 0
26.600000000 1 0 0 0
26.606666667 1 0 0 0
26.613333333 1 0 0 0
26.620000000 1 0 0 0
26.626666667 1 0 0 0
26.633333333 1 0 0 0
26.640000000 1 0 0 0
26.646666667 1 0 0 0
26.653333333 1 0 0 0
26.660000000 1 0 0 0
26.666666667 1 0 0 0
26.673333333 1 0 0 0
26.680000000 1 0 0 0
26.686666667 1 0 0 0
26.693333333 1 0 0 0
26.700000000 1 0 0 0
26.706666667 1 0 0 0
26.713333333 1 0 0 0
26.720000000 1 0 0 0
26.726666667 1 0 0 0
26.733333333 1 0 0 0
26.740000000 1 0 0 0
26.746666667 1 0 0 0
26.753333333 1 0 0 0
26.760000000 1 0 0 0
26.766666667 1 0 0 0
26.773333333 1 0 0 0
26.780000000 1 0 0 0
26.786666667 1 0 0 0
26.793333333 1 0 0 0
26.800000000 1 0 0 0
26.806666667 1 0 0 0
26.813333333 1 0 0 0
26.820000000 1 0 0 0
26.826666667 1 0 0 0
26.833333333 1 0 0 0
26.840000000 1 0 0 0
26.846666667 1 0 0 0
26.853333333 1 0 0 0
26.860000000 1 0 0 0
26.866666667 1 0 0 0
26.873333333 1 0 0 0
26.880000000 1 0 0 0
26.886666667 1 0 0 0
26.893333333 1 0 0 0
26.900000000 1 0 0 0
26.906666667 1 0 0 0
26.913333333 1 0 0 0
26.920000000 1 0 0 0
26.926666667 1 0 0 0
26.933333333 1 0 0 0
26.940000000 1 0 0 0
26.946666667 1 0 0 0
26.953333333 1 0 0 0
26.960000000 1 0 0 0
26.966666667 1 0 0 0
26.973333333 1 0 0 0
26.980000000 1 0 0 0
26.986666667 1 0 0 0
26.993333333 1 0 0 0
27.000000000 1 0 0 0
27.006666667 1 0 0 0
27.013333333 1 0 0 0
27.020000000 1 0 0 0
27.026666667 1 0 0 0
27.033333333 1 0 0 0
27.040000000 1 0 0 0
27.046666667 1 0 0 0
27.053333333 1 0 0 0
27.060000000 1 0 0 0
27.066666667 1 0 0 0
27.073333333 1 0 0 0
27.080000000 1 0 0 0
27.086666667 1 0 0 0
27.093333333 1 0 0 0
27.100000000 1 0 0 0
27.106666667 1 0 0 0
27.113333333 1 0 0 0
27.120000000 1 0 0 0
27.126666667 1 0 0 0
27.133333333 1 0 0 0
27.140000000 1 0 0 0
27.146666667 1 0 0 0
27.153333333 1 0 0 0
27.160000000 1 0 0 0
27.166666667 1 0 0 0
27.173333333 1 0 0 0
27.180000000 1 0 0 0
27.186666667 1 0 0 0
27.193333333 1 0 0 0
27.200000000 1 0 0 0
27.206666667 1 0 0 0
27.213333333 1 0 0 0
27.220000000 1 0 0 0
27.226666667 1 0 0 0
27.233333333 1 0 0 0
27.240000000 1 0 0 0
27.246666667 1 0 0 0
27.253333333 1 0 0 0
27.260000000 1 0 0 0
27.266666667 1 0 0 0
27.273333333 1 0 0 0
27.280000000 1 0 0 0
27.286666667 1 0 0 0
27.293333333 1 0 0 0
27.300000000 1 0 0 0
27.306666667 1 0 0 0
27.313333333 1 0 0 0
27.320000000 1 0 0 0
27.326666667 1 0 0 0
27.333333333 1 0 0 0
27.340000000 1 0 0 0
27.346666667 1 0 0 0
27.353333333 1 0 0 0
27.360000000 1 0 0 0
27.366666667 1 0 0 0
27.373333333 1 0 0 0
27.380000000 1 0 0 0
27.386666667 1 0 0 0
27.393333333 1 0 0 0
27.400000000 1 0 0 0
27.406666667 1 0 0 0
27.413333333 1 0 0 0
27.420000000 1 0 0 0
27.426666667 1 0 0 0
27.433333333 1 0 0 0
27.440000000 1 0 0 0
27.446666667 1 0 0 0
27.453333333 1 0 0 0
27.460000000 1 0 0 0
27.466666667 1 0 0 0
27.473333333 1 0 0 0
27.480000000 1 0 0 0
27.486666667 1 0 0 0
27.493333333 1 0 0 0
27.500000000 1 0 0 0
27.506666667 1 0 0 0
27.513333333 1 0 0 0
27.520000000 1 0 0 0
27.526666667 1 0 0 0
27.533333333 1 0 0 0
27.540000000 1 0 0 0
27.546666667 1 0 0 0
27.553333333 1 0 0 0
27.560000000 1 0 0 0
27.566666667 1 0 0 0
27.573333333 1 0 0 0
27.580000000 1 0 0 0
27.586666667 1 0 0 0
27.593333333 1 0 0 0
27.600000000 1 0 0 0
27.606666667 1 0 0 0
27.613333333 1 0 0 0
27.620000000 1 0 0 0
27.626666667 1 0 0 0
27.633333333 1 0 0 0
27.640000000 1 0 0 0
27.646666667 1 0 0 0
27.653333333 1 0 0 0
27.660000000 1 0 0 0
27.666666667 1 0 0 0
27.673333333 1 0 0 0
27.680000000 1 0 0 0
27.686666667 1 0 0 0
27.693333333 1 0 0 0
27.700000000 1 0 0 0
27.706666667 1 0 0 0
27.713333333 1 0 0 0
27.720000000 1 0 0 0
27.726666667 1 0 0 0
27.733333333 1 0 0 0
27.740000000 1 0 0 0
27.746666667 1 0 0 0
27.753333333 1 0 0 0
27.760000000 1 0 0 0
27.766666667 1 0 0 0
27.773333333 1 0 0 0
27.780000000 1 0 0 0
27.786666667 1 0 0 0
27.793333333 1 0 0 0
27.800000000 1 0 0 0
27.806666667 1 0 0 0
27.813333333 1 0 0 0
27.820000000 1 0 0 0
27.826666667 1 0 0 0
27.833333333 1 0 0 0
27.840000000 1 0 0 0
27.846666667 1 0 0 0
27.853333333 1 0 0 0
27.860000000 1 0 0 0
27.866666667 1 0 0 0
27.873333333 1 0 0 0
27.880000000 1 0 0 0
27.886666667 1 0 0 0
27.893333333 1 0 0 0
27.900000000 1 0 0 0
27.906666667 1 0 0 0
27.913333333 1 0 0 0
27.920000000 1 0 0 0
27.926666667 1 0 0 0
27.933333333 1 0 0 0
27.940000000 1 0 0 0
27.946666667 1 0 0 0
27.953333333 1 0 0 0
27.960000000 1 0 0 0
27.966666667 1 0 0 0
27.973333333 1 0 0 0
27.980000000 1 0 0 0
27.986666667 1 0 0 0
27.993333333 1 0 0 0
28.000000000 1 0 0 0
28.006666667 1 0 0 0
28.013333333 1 0 0 0
28.020000000 1 0 0 0
28.026666667 1 0 0 0
28.033333333 1 0 0 0
28.040000000 1 0 0 0
28.046666667 1 0 0 0
28.053333333 1 0 0 0
28.060000000 1 0 0 0
28.066666667 1 0 0 0
28.073333333 1 0 0 0
28.080000000 1 0 0 0
28.086666667 1 0 0 0
28.093333333 1 0 0 0
28.100000000 1 0 0 0
28.106666667 1 0 0 0
28.113333333 1 0 0 0
28.120000000 1 0 0 0
28.126666667 1 0 0 0
28.133333333 1 0 0 0
28.140000000 1 0 0 0
28.146666667 1 0 0 0
28.153333333 1 0 0 0
28.160000000 1 0 0 0
28.166666667 1 0 0 0
28.173333333 1 0 0 0
28.180000000 1 0 0 0
28.186666667 1 0 0 0
28.193333333 1 0 0 0
28.200000000 1 0 0 0
28.206666667 1 0 0 0
28.213333333 1 0 0 0
28.220000000 1 0 0 0
28.226666667 1 0 0 0
28.233333333 1 0 0 0
28.240000000 1 0 0 0
28.246666667 1 0 0 0
28.253333333 1 0 0 0
28.260000000 1 0 0 0
28.266666667 1 0 0 0
28.273333333 1 0 0 0
28.280000000 1 0 0 0
28.286666667 1 0 0 0
28.293333333 1 0 0 0
28.300000000 1 0 0 0
28.306666667 1 0 0 0
28.313333333 1 0 0 0
28.320000000 1 0 0 0
28.326666667 1 0 0 0
28.333333333 1 0 0 0
28.340000000 1 0 0 0
28.346666667 1 0 0 0
28.353333333 1 0 0 0
28.360000000 1 0 0 0
28.366666667 1 0 0 0
28.373333333 1 0 0 0
28.380000000 1 0 0 0
28.386666667 1 0 0 0
28.393333333 1 0 0 0
28.400000000 1 0 0 0
28.406666667 1 0 0 0
28.413333333 1 0 0 0
28.420000000 1 0 0 0
28.426666667 1 0 0 0
28.433333333 1 0 0 0
28.440000000 1 0 0 0
28.446666667 1 0 0 0
28.453333333 1 0 0 0
28.460000000 1 0 0 0
28.466666667 1 0 0 0
28.473333333 1 0 0 0
28.480000000 1 0 0 0
28.486666667 1 0 0 0
28.493333333 1 0 0 0
28.500000000 1 0 0 0
28.506666667 1 0 0 0
28.513333333 1 0 0 0
28.520000000 1 0 0 0
28.526666667 1 0 0 0
28.533333333 1 0 0 0
28.540000000 1 0 0 0
28.546666667 1 0 0 0
28.553333333 1 0 0 0
28.560000000 1 0 0 0
28.566666667 1 0 0 0
28.573333333 1 0 0 0
28.580000000 1 0 0 0
28.586666667 1 0 0 0
28.593333333 1 0 0 0
28.600000000 1 0 0 0
28.606666667 1 0 0 0
28.613333333 1 0 0 0
28.620000000 1 0 0 0
28.626666667 1 0 0 0
28.633333333 1 0 0 0
28.640000000 1 0 0 0
28.646666667 1 0 0 0
28.653333333 1 0 0 0
28.660000000 1 0 0 0
28.666666667 1 0 0 0
28.673333333 1 0 0 0
28.680000000 1 0 0 0
28.686666667 1 0 0 0
28.693333333 1 0 0 0
28.700000000 1 0 0 0
28.706666667 1 0 0 0
28.713333333 1 0 0 0
28.720000000 1 0 0 0
28.726666667 1 0 0 0
28.733333333 1 0 0 0
28.740000000 1 0 0 0
28.746666667 1 0 0 0
28.753333333 1 0 0 0
28.760000000 1 0 0 0
28.766666667 1 0 0 0
28.773333333 1 0 0 0
28.780000000 1 0 0 0
28.786666667 1 0 0 0
28.793333333 1 0 0 0
28.800000000 1 0 0 0
28.806666667 1 0 0 0
28.813333333 1 0 0 0
28.820000000 1 0 0 0
28.826666667 1 0 0 0
28.833333333 1 0 0 0
28.840000000 1 0 0 0
28.846666667 1 0 0 0
28.853333333 1 0 0 0
28.860000000 1 0 0 0
28.866666667 1 0 0 0
28.873333333 1 0 0 0
28.880000000 1 0 0 0
28.886666667 1 0 0 0
28.893333333 1 0 0 0
28.900000000 1 0 0 0
28.906666667 1 0 0 0
28.913333333 1 0 0 0
28.920000000 1 0 0 0
28.926666667 1 0 0 0
28.933333333 1 0 0 0
28.940000000 1 0 0 0
28.946666667 1 0 0 0
28.953333333 1 0 0 0
28.960000000 1 0 0 0
28.966666667 1 0 0 0
28.973333333 1 0 0 0
28.980000000 1 0 0 0
28.986666667 1 0 0 0
28.993333333 1 0 0 0
29.000000000 1 0 0 0
29.006666667 1 0 0 0
29.013333333 1 0 0 0
29.020000000 1 0 0 0
29.026666667 1 0 0 0
29.033333333 1 0 0 0
29.040000000 1 0 0 0
29.046666667 1 0 0 0
29.053333333 1 0 0 0
29.060000000 1 0 0 0
29.066666667 1 0 0 0
29.073333333 1 0 0 0
29.080000000 1 0 0 0
29.086666667 1 0 0 0
29.093333333 1 0 0 0
29.100000000 1 0 0 0
29.106666667 1 0 0 0
29.113333333 1 0 0 0
29.120000000 1 0 0 0
29.126666667 1 0 0 0
29.133333333 1 0 0 0
29.140000000 1 0 0 0
29.146666667 1 0 0 0
29.153333333 1 0 0 0
29.160000000 1 0 0 0
29.166666667 1 0 0 0
29.173333333 1 0 0 0
29.180000000 1 0 0 0
29.186666667 1 0 0 0
29.193333333 1 0 0 0
29.200000000 1 0 0 0
29.206666667 1 0 0 0
29.213333333 1 0 0 0
29.220000000 1 0 0 0
29.226666667 1 0 0 0
29.233333333 1 0 0 0
29.240000000 1 0 0 0
29.246666667 1 0 0 0
29.253333333 1 0 0 0
29.260000000 1 0 0 0
29.266666667 1 0 0 0
29.273333333 1 0 0 0
29.280000000 1 0 0 0
29.286666667 1 0 0 0
29.293333333 1 0 0 0
29.300000000 1 0 0 0
29.306666667 1 0 0 0
29.313333333 1 0 0 0
29.320000000 1 0 0 0
29.326666667 1 0 0 0
29.333333333 1 0 0 0
29.340000000 1 0 0 0
29.346666667 1 0 0 0
29.353333333 1 0 0 0
29.360000000 1 0 0 0
29.366666667 1 0 0 0
29.373333333 1 0 0 0
29.380000000 1 0 0 0
29.386666667 1 0 0 0
29.393333333 1 0 0 0
29.400000000 1 0 0 0
29.406666667 1 0 0 0
29.413333333 1 0 0 0
29.420000000 1 0 0 0
29.426666667 1 0 0 0
29.433333333 1 0 0 0
29.440000000 1 0 0 0
29.446666667 1 0 0 0
29.453333333 1 0 0 0
29.460000000 1 0 0 0
29.466666667 1 0 0 0
29.473333333 1 0 0 0
29.480000000 1 0 0 0
29.486666667 1 0 0 0
29.493333333 1 0 0 0
29.500000000 1 0 0 0
29.506666667 1 0 0 0
29.513333333 1 0 0 0
29.520000000 1 0 0 0
29.526666667 1 0 0 0
29.533333333 1 0 0 0
29.540000000 1 0 0 0
29.546666667 1 0 0 0
29.553333333 1 0 0 0
29.560000000 1 0 0 0
29.566666667 1 0 0 0
29.573333333 1 0 0 0
29.580000000 1 0 0 0
29.586666667 1 0 0 0
29.593333333 1 0 0 0
29.600000000 1 0 0 0
29.606666667 1 0 0 0
29.613333333 1 0 0 0
29.620000000 1 0 0 0
29.626666667 1 0 0 0
29.633333333 1 0 0 0
29.640000000 1 0 0 0
29.646666667 1 0 0 0
29.653333333 1 0 0 0
29.660000000 1 0 0 0
29.666666667 1 0 0 0
29.673333333 1 0 0 0
29.680000000 1 0 0 0
29.686666667 1 0 0 0
29.693333333 1 0 0 0
29.700000000 1 0 0 0
29.706666667 1 0 0 0
29.713333333 1 0 0 0
29.720000000 1 0 0 0
29.726666667 1 0 0 0
29.733333333 1 0 0 0
29.740000000 1 0 0 0
29.746666667 1 0 0 0
29.753333333 1 0 0 0
29.760000000 1 0 0 0
29.766666667 1 0 0 0
29.773333333 1 0 0 0
29.780000000 1 0 0 0
29.786666667 1 0 0 0
29.793333333 1 0 0 0
29.800000000 1 0 0 0
29.806666667 1 0 0 0
29.813333333 1 0 0 0
29.820000000 1 0 0 0
29.826666667 1 0 0 0
29.833333333 1 0 0 0
29.840000000 1 0 0 0
29.846666667 1 0 0 0
29.853333333 1 0 0 0
29.860000000 1 0 0 0
29.866666667 1 0 0 0
29.873333333 1 0 0 0
29.880000000 1 0 0 0
29.886666667 1 0 0 0
29.893333333 1 0 0 0
29.900000000 1 0 0 0
29.906666667 1 0 0 0
29.913333333 1 0 0 0
29.920000000 1 0 0 0
29.926666667 1 0 0 0
29.933333333 1 0 0 0
29.940000000 1 0 0 0
29.946666667 1 0 0 0
29.953333333 1 0 0 0
29.960000000 1 0 0 0
29.966666667 1 0 0 0
29.973333333 1 0 0 0
29.980000000 1 0 0 0
29.986666667 1 0 0 0
29.993333333 1 0 0 0
30.000000000 1 0 0 0
30.006666667 1 0 0 0
30.013333333 1 0 0 0
30.020000000 1 0 0 0
30.026666667 1 0 0 0
30.033333333 1 0 0 0
30.040000000 1 0 0 0
30.046666667 1 0 0 0
30.053333333 1 0 0 0
30.060000000 1 0 0 0
30.066666667 1 0 0 0
30.073333333 1 0 0 0
30.080000000 1 0 0 0
30.086666667 1 0 0 0
30.093333333 1 0 0 0
30.100000000 1 0 0 0
30.106666667 1 0 0 0
30.113333333 1 0 0 0
30.120000000 1 0 0 0
30.126666667 1 0 0 0
30.133333333 1 0 0 0
30.140000000 1 0 0 0
30.146666667 1 0 0 0
30.153333333 1 0 0 0
30.160000000 1 0 0 0
30.166666667 1 0 0 0
30.173333333 1 0 0 0
30.180000000 1 0 0 0
30.186666667 1 0 0 0
30.193333333 1 0 0 0
30.200000000 1 0 0 0
30.206666667 1 0 0 0
30.213333333 1 0 0 0
30.220000000 1 0 0 0
30.226666667 1 0 0 0
30.233333333 1 0 0 0
30.240000000 1 0 0 0
30.246666667 1 0 0 0
30.253333333 1 0 0 0
30.260000000 1 0 0 0
30.266666667 1 0 0 0
30.273333333 1 0 0 0
30.280000000 1 0 0 0
30.286666667 1 0 0 0
30.293333333 1 0 0 0
30.300000000 1 0 0 0
30.306666667 1 0 0 0
30.313333333 1 0 0 0
30.320000000 1 0 0 0
30.326666667 1 0 0 0
30.333333333 1 0 0 0
30.340000000 1 0 0 0
30.346666667 1 0 0 0
30.353333333 1 0 0 0
30.360000000 1 0 0 0
30.366666667 1 0 0 0
30.373333333 1 0 0 0
30.380000000 1 0 0 0
30.386666667 1 0 0 0
30.393333333 1 0 0 0
30.400000000 1 0 0 0
30.406666667 1 0 0 0
30.413333333 1 0 0 0
30.420000000 1 0 0 0
30.426666667 1 0 0 0
30.433333333 1 0 0 0
30.440000000 1 0 0 0
30.446666667 1 0 0 0
30.453333333 1 0 0 0
30.460000000 1 0 0 0
30.466666667 1 0 0 0
30.473333333 1 0 0 0
30.480000000 1 0 0 0
30.486666667 1 0 0 0
30.493333333 1 0 0 0
30.500000000 1 0 0 0
30.506666667 1 0 0 0
30.513333333 1 0 0 0
30.520000000 1 0 0 0
30.526666667 1 0 0 0
30.533333333 1 0 0 0
30.540000000 1 0 0 0
30.546666667 1 0 0 0
30.553333333 1 0 0 0
30.560000000 1 0 0 0
30.566666667 1 0 0 0
30.573333333 1 0 0 0
30.580000000 1 0 0 0
30.586666667 1 0 0 0
30.593333333 1 0 0 0
30.600000000 1 0 0 0
30.606666667 1 0 0 0
30.613333333 1 0 0 0
30.620000000 1 0 0 0
30.626666667 1 0 0 0
30.633333333 1 0 0 0
30.640000000 1 0 0 0
30.646666667 1 0 0 0
30.653333333 1 0 0 0
30.660000000 1 0 0 0
30.666666667 1 0 0 0
30.673333333 1 0 0 0
30.680000000 1 0 0 0
30.686666667 1 0 0 0
30.693333333 1 0 0 0
30.700000000 1 0 0 0
30.706666667 1 0 0 0
30.713333333 1 0 0 0
30.720000000 1 0 0 0
30.726666667 1 0 0 0
30.733333333 1 0 0 0
30.740000000 1 0 0 0
30.746666667 1 0 0 0
30.753333333 1 0 0 0
30.760000000 1 0 0 0
30.766666667 1 0 0 0
30.773333333 1 0 0 0
30.780000000 1 0 0 0
30.786666667 1 0 0 0
30.793333333 1 0 0 0
30.800000000 1 0 0 0
30.806666667 1 0 0 0
30.813333333 1 0 0 0
30.820000000 1 0 0 0
30.826666667 1 0 0 0
30.833333333 1 0 0 0
30.840000000 1 0 0 0
30.846666667 1 0 0 0
30.853333333 1 0 0 0
30.860000000 1 0 0 0
30.866666667 1 0 0 0
30.873333333 1 0 0 0
30.880000000 1 0 0 0
30.886666667 1 0 0 0
30.893333333 1 0 0 0
30.900000000 1 0 0 0
30.906666667 1 0 0 0
30.913333333 1 0 0 0
30.920000000 1 0 0 0
30.926666667 1 0 0 0
30.933333333 1 0 0 0
30.940000000 1 0 0 0
30.946666667 1 0 0 0
30.953333333 1 0 0 0
30.960000000 1 0 0 0
30.966666667 1 0 0 0
30.973333333 1 0 0 0
30.980000000 1 0 0 0
30.986666667 1 0 0 0
30.993333333 1 0 0 0
31.000000000 1 0 0 0
31.006666667 1 0 0 0
31.013333333 1 0 0 0
31.020000000 1 0 0 0
31.026666667 1 0 0 0
31.033333333 1 0 0 0
31.040000000 1 0 0 0
31.046666667 1 0 0 0
31.053333333 1 0 0 0
31.060000000 1 0 0 0
31.066666667 1 0 0 0
31.073333333 1 0 0 0
31.080000000 1 0 0 0
31.086666667 1 0 0 0
31.093333333 1 0 0 0
31.100000000 1 0 0 0
31.106666667 1 0 0 0
31.113333333 1 0 0 0
31.120000000 1 0 0 0
31.126666667 1 0 0 0
31.133333333 1 0 0 0
31.140000000 1 0 0 0
31.146666667 1 0 0 0
31.153333333 1 0 0 0
31.160000000 1 0 0 0
31.166666667 1 0 0 0
31.173333333 1 0 0 0
31.180000000 1 0 0 0
31.186666667 1 0 0 0
31.193333333 1 0 0 0
31.200000000 1 0 0 0
31.206666667 1 0 0 0
31.213333333 1 0 0 0
31.220000000 1 0 0 0
31.226666667 1 0 0 0
31.233333333 1 0 0 0
31.240000000 1 0 0 0
31.246666667 1 0 0 0
31.253333333 1 0 0 0
31.260000000 1 0 0 0
31.266666667 1 0 0 0
31.273333333 1 0 0 0
31.280000000 1 0 0 0
31.286666667 1 0 0 0
31.293333333 1 0 0 0
31.300000000 1 0 0 0
31.306666667 1 0 0 0
31.313333333 1 0 0 0
31.320000000 1 0 0 0
31.326666667 1 0 0 0
31.333333333 1 0 0 0
31.340000000 1 0 0 0
31.346666667 1 0 0 0
31.353333333 1 0 0 0
31.360000000 1 0 0 0
31.366666667 1 0 0 0
31.373333333 1 0 0 0
31.380000000 1 0 0 0
31.386666667 1 0 0 0
31.393333333 1 0 0 0
31.400000000 1 0 0 0
31.406666667 1 0 0 0
31.413333333 1 0 0 0
31.420000000 1 0 0 0
31.426666667 1 0 0 0
31.433333333 1 0 0 0
31.440000000 1 0 0 0
31.446666667 1 0 0 0
31.453333333 1 0 0 0
31.460000000 1 0 0 0
31.466666667 1 0 0 0
31.473333333 1 0 0 0
31.480000000 1 0 0 0
31.486666667 1 0 0 0
31.493333333 1 0 0 0
31.500000000 1 0 0 0
31.506666667 1 0 0 0
31.513333333 1 0 0 0
31.520000000 1 0 0 0
31.526666667 1 0 0 0
31.533333333 1 0 0 0
31.540000000 1 0 0 0
31.546666667 1 0 0 0
31.553333333 1 0 0 0
31.560000000 1 0 0 0
31.566666667 1 0 0 0
31.573333333 1 0 0 0
31.580000000 1 0 0 0
31.586666667 1 0 0 0
31.593333333 1 0 0 0
31.600000000 1 0 0 0
31.606666667 1 0 0 0
31.613333333 1 0 0 0
31.620000000 1 0 0 0
31.626666667 1 0 0 0
31.633333333 1 0 0 0
31.640000000 1 0 0 0
31.646666667 1 0 0 0
31.653333333 1 0 0 0
31.660000000 1 0 0 0
31.666666667 1 0 0 0
31.673333333 1 0 0 0
31.680000000 1 0 0 0
31.686666667 1 0 0 0
31.693333333 1 0 0 0
31.700000000 1 0 0 0
31.706666667 1 0 0 0
31.713333333 1 0 0 0
31.720000000 1 0 0 0
31.726666667 1 0 0 0
31.733333333 1 0 0 0
31.740000000 1 0 0 0
31.746666667 1 0 0 0
31.753333333 1 0 0 0
31.760000000 1 0 0 0
31.766666667 1 0 0 0
31.773333333 1 0 0 0
31.780000000 1 0 0 0
31.786666667 1 0 0 0
31.793333333 1 0 0 0
31.800000000 1 0 0 0
31.806666667 1 0 0 0
31.813333333 1 0 0 0
31.820000000 1 0 0 0
31.826666667 1 0 0 0
31.833333333 1 0 0 0
31.840000000 1 0 0 0
31.846666667 1 0 0 0
31.853333333 1 0 0 0
31.860000000 1 0 0 0
31.866666667 1 0 0 0
31.873333333 1 0 0 0
31.880000000 1 0 0 0
31.886666667 1 0 0 0
31.893333333 1 0 0 0
31.900000000 1 0 0 0
31.906666667 1 0 0 0
31.913333333 1 0 0 0
31.920000000 1 0 0 0
31.926666667 1 0 0 0
31.933333333 1 0 0 0
31.940000000 1 0 0 0
31.946666667 1 0 0 0
31.953333333 1 0 0 0
31.960000000 1 0 0 0
31.966666667 1 0 0 0
31.973333333 1 0 0 0
31.980000000 1 0 0 0
31.986666667 1 0 0 0
31.993333333 1 0 0 0
32.000000000 1 0 0 0
32.006666667 1 0 0 0
32.013333333 1 0 0 0
32.020000000 1 0 0 0
32.026666667 1 0 0 0
32.033333333 1 0 0 0
32.040000000 1 0 0 0
32.046666667 1 0 0 0
32.053333333 1 0 0 0
32.060000000 1 0 0 0
32.066666667 1 0 0 0
32.073333333 1 0 0 0
32.080000000 1 0 0 0
32.086666667 1 0 0 0
32.093333333 1 0 0 0
32.100000000 1 0 0 0
32.106666667 1 0 0 0
32.113333333 1 0 0 0
32.120000000 1 0 0 0
32.126666667 1 0 0 0
32.133333333 1 0 0 0
32.140000000 1 0 0 0
32.146666667 1 0 0 0
32.153333333 1 0 0 0
32.160000000 1 0 0 0
32.166666667 1 0 0 0
32.173333333 1 0 0 0
32.180000000 1 0 0 0
32.186666667 1 0 0 0
32.193333333 1 0 0 0
32.200000000 1 0 0 0
32.206666667 1 0 0 0
32.213333333 1 0 0 0
32.220000000 1 0 0 0
32.226666667 1 0 0 0
32.233333333 1 0 0 0
32.240000000 1 0 0 0
32.246666667 1 0 0 0
32.253333333 1 0 0 0
32.260000000 1 0 0 0
32.266666667 1 0 0 0
32.273333333 1 0 0 0
32.280000000 1 0 0 0
32.286666667 1 0 0 0
32.293333333 1 0 0 0
32.300000000 1 0 0 0
32.306666667 1 0 0 0
32.313333333 1 0 0 0
32.320000000 1 0 0 0
32.326666667 1 0 0 0
32.333333333 1 0 0 0
32.340000000 1 0 0 0
32.346666667 1 0 0 0
32.353333333 1 0 0 0
32.360000000 1 0 0 0
32.366666667 1 0 0 0
32.373333333 1 0 0 0
32.380000000 1 0 0 0
32.386666667 1 0 0 0
32.393333333 1 0 0 0
32.400000000 1 0 0 0
32.406666667 1 0 0 0
32.413333333 1 0 0 0
32.420000000 1 0 0 0
32.426666667 1 0 0 0
32.433333333 1 0 0 0
32.440000000 1 0 0 0
32.446666667 1 0 0 0
32.453333333 1 0 0 0
32.460000000 1 0 0 0
32.466666667 1 0 0 0
32.473333333 1 0 0 0
32.480000000 1 0 0 0
32.486666667 1 0 0 0
32.493333333 1 0 0 0
32.500000000 1 0 0 0
32.506666667 1 0 0 0
32.513333333 1 0 0 0
32.520000000 1 0 0 0
32.526666667 1 0 0 0
32.533333333 1 0 0 0
32.540000000 1 0 0 0
32.546666667 1 0 0 0
32.553333333 1 0 0 0
32.560000000 1 0 0 0
32.566666667 1 0 0 0
32.573333333 1 0 0 0
32.580000000 1 0 0 0
32.586666667 1 0 0 0
32.593333333 1 0 0 0
32.600000000 1 0 0 0
32.606666667 1 0 0 0
32.613333333 1 0 0 0
32.620000000 1 0 0 0
32.626666667 1 0 0 0
32.633333333 1 0 0 0
32.640000000 1 0 0 0
32.646666667 1 0 0 0
32.653333333 1 0 0 0
32.660000000 1 0 0 0
32.666666667 1 0 0 0
32.673333333 1 0 0 0
32.680000000 1 0 0 0
32.686666667 1 0 0 0
32.693333333 1 0 0 0
32.700000000 1 0 0 0
32.706666667 1 0 0 0
32.713333333 1 0 0 0
32.720000000 1 0 0 0
32.726666667 1 0 0 0
32.733333333 1 0 0 0
32.740000000 1 0 0 0
32.746666667 1 0 0 0
32.753333333 1 0 0 0
32.760000000 1 0 0 0
32.766666667 1 0 0 0
32.773333333 1 0 0 0
32.780000000 1 0 0 0
32.786666667 1 0 0 0
32.793333333 1 0 0 0
32.800000000 1 0 0 0
32.806666667 1 0 0 0
32.813333333 1 0 0 0
32.820000000 1 0 0 0
32.826666667 1 0 0 0
32.833333333 1 0 0 0
32.840000000 1 0 0 0
32.846666667 1 0 0 0
32.853333333 1 0 0 0
32.860000000 1 0 0 0
32.866666667 1 0 0 0
32.873333333 1 0 0 0
32.880000000 1 0 0 0
32.886666667 1 0 0 0
32.893333333 1 0 0 0
32.900000000 1 0 0 0
32.906666667 1 0 0 0
32.913333333 1 0 0 0
32.920000000 1 0 0 0
32.926666667 1 0 0 0
32.933333333 1 0 0 0
32.940000000 1 0 0 0
32.946666667 1 0 0 0
32.953333333 1 0 0 0
32.960000000 1 0 0 0
32.966666667 1 0 0 0
32.973333333 1 0 0 0
32.980000000 1 0 0 0
32.986666667 1 0 0 0
32.993333333 1 0 0 0
33.000000000 1 0 0 0
33.006666667 1 0 0 0
33.013333333 1 0 0 0
33.020000000 1 0 0 0
33.026666667 1 0 0 0
33.033333333 1 0 0 0
33.040000000 1 0 0 0
33.046666667 1 0 0 0
33.053333333 1 0 0 0
33.060000000 1 0 0 0
33.066666667 1 0 0 0
33.073333333 1 0 0 0
33.080000000 1 0 0 0
33.086666667 1 0 0 0
33.093333333 1 0 0 0
33.100000000 1 0 0 0
33.106666667 1 0 0 0
33.113333333 1 0 0 0
33.120000000 1 0 0 0
33.126666667 1 0 0 0
33.133333333 1 0 0 0
33.140000000 1 0 0 0
33.146666667 1 0 0 0
33.153333333 1 0 0 0
33.160000000 1 0 0 0
33.166666667 1 0 0 0
33.173333333 1 0 0 0
33.180000000 1 0 0 0
33.186666667 1 0 0 0
33.193333333 1 0 0 0
33.200000000 1 0 0 0
33.206666667 1 0 0 0
33.213333333 1 0 0 0
33.220000000 1 0 0 0
33.226666667 1 0 0 0
33.233333333 1 0 0 0
33.240000000 1 0 0 0
33.246666667 1 0 0 0
33.253333333 1 0 0 0
33.260000000 1 0 0 0
33.266666667 1 0 0 0
33.273333333 1 0 0 0
33.280000000 1 0 0 0
33.286666667 1 0 0 0
33.293333333 1 0 0 0
33.300000000 1 0 0 0
33.306666667 1 0 0 0
33.313333333 1 0 0 0
33.320000000 1 0 0 0
33.326666667 1 0 0 0
33.333333333 1 0 0 0
33.340000000 1 0 0 0
33.346666667 1 0 0 0
33.353333333 1 0 0 0
33.360000000 1 0 0 0
33.366666667 1 0 0 0
33.373333333 1 0 0 0
33.380000000 1 0 0 0
